,mean_raw_ADC,time
0,1944,2019-03-29T17:20:40.369500Z
1,1947,2019-03-29T17:20:40.370000Z
2,1959,2019-03-29T17:20:40.370500Z
3,1970,2019-03-29T17:20:40.371000Z
4,1991,2019-03-29T17:20:40.371500Z
5,1964,2019-03-29T17:20:40.372000Z
6,1954,2019-03-29T17:20:40.372500Z
7,1958,2019-03-29T17:20:40.373000Z
8,1950,2019-03-29T17:20:40.373500Z
9,1923,2019-03-29T17:20:40.374000Z
10,1899,2019-03-29T17:20:40.374500Z
11,1898,2019-03-29T17:20:40.375000Z
12,1894,2019-03-29T17:20:40.375500Z
13,1898,2019-03-29T17:20:40.376000Z
14,1916,2019-03-29T17:20:40.376500Z
15,1927,2019-03-29T17:20:40.377000Z
16,1943,2019-03-29T17:20:40.377500Z
17,1949,2019-03-29T17:20:40.378000Z
18,1941,2019-03-29T17:20:40.378500Z
19,1924,2019-03-29T17:20:40.379000Z
20,1931,2019-03-29T17:20:40.379500Z
21,1939,2019-03-29T17:20:40.380000Z
22,1967,2019-03-29T17:20:40.380500Z
23,1943,2019-03-29T17:20:40.381000Z
24,1949,2019-03-29T17:20:40.381500Z
25,2007,2019-03-29T17:20:40.382000Z
26,1989,2019-03-29T17:20:40.382500Z
27,1962,2019-03-29T17:20:40.383000Z
28,1941,2019-03-29T17:20:40.383500Z
29,1890,2019-03-29T17:20:40.384000Z
30,1885,2019-03-29T17:20:40.384500Z
31,1902,2019-03-29T17:20:40.385000Z
32,1920,2019-03-29T17:20:40.385500Z
33,1920,2019-03-29T17:20:40.386000Z
34,1921,2019-03-29T17:20:40.386500Z
35,1918,2019-03-29T17:20:40.387000Z
36,1935,2019-03-29T17:20:40.387500Z
37,1922,2019-03-29T17:20:40.388000Z
38,1893,2019-03-29T17:20:40.388500Z
39,1890,2019-03-29T17:20:40.389000Z
40,1917,2019-03-29T17:20:40.389500Z
41,1953,2019-03-29T17:20:40.390000Z
42,1941,2019-03-29T17:20:40.390500Z
43,1930,2019-03-29T17:20:40.391000Z
44,1930,2019-03-29T17:20:40.391500Z
45,1934,2019-03-29T17:20:40.392000Z
46,1942,2019-03-29T17:20:40.392500Z
47,1922,2019-03-29T17:20:40.393000Z
48,1889,2019-03-29T17:20:40.393500Z
49,1878,2019-03-29T17:20:40.394000Z
50,1904,2019-03-29T17:20:40.394500Z
51,1917,2019-03-29T17:20:40.395000Z
52,1926,2019-03-29T17:20:40.395500Z
53,1921,2019-03-29T17:20:40.396000Z
54,1907,2019-03-29T17:20:40.396500Z
55,1930,2019-03-29T17:20:40.397000Z
56,1949,2019-03-29T17:20:40.397500Z
57,1964,2019-03-29T17:20:40.398000Z
58,1971,2019-03-29T17:20:40.398500Z
59,1960,2019-03-29T17:20:40.399000Z
60,1959,2019-03-29T17:20:40.399500Z
61,1979,2019-03-29T17:20:40.400000Z
62,1964,2019-03-29T17:20:40.400500Z
63,1942,2019-03-29T17:20:40.401000Z
64,1937,2019-03-29T17:20:40.401500Z
65,1957,2019-03-29T17:20:40.402000Z
66,1950,2019-03-29T17:20:40.402500Z
67,1948,2019-03-29T17:20:40.403000Z
68,1915,2019-03-29T17:20:40.403500Z
69,1868,2019-03-29T17:20:40.404000Z
70,1836,2019-03-29T17:20:40.404500Z
71,1851,2019-03-29T17:20:40.405000Z
72,1880,2019-03-29T17:20:40.405500Z
73,1921,2019-03-29T17:20:40.406000Z
74,1947,2019-03-29T17:20:40.406500Z
75,1950,2019-03-29T17:20:40.407000Z
76,1931,2019-03-29T17:20:40.407500Z
77,1930,2019-03-29T17:20:40.408000Z
78,1922,2019-03-29T17:20:40.408500Z
79,1913,2019-03-29T17:20:40.409000Z
80,1911,2019-03-29T17:20:40.409500Z
81,1906,2019-03-29T17:20:40.410000Z
82,1916,2019-03-29T17:20:40.410500Z
83,1960,2019-03-29T17:20:40.411000Z
84,1966,2019-03-29T17:20:40.411500Z
85,1973,2019-03-29T17:20:40.412000Z
86,1958,2019-03-29T17:20:40.412500Z
87,1920,2019-03-29T17:20:40.413000Z
88,1895,2019-03-29T17:20:40.413500Z
89,1896,2019-03-29T17:20:40.414000Z
90,1905,2019-03-29T17:20:40.414500Z
91,1895,2019-03-29T17:20:40.415000Z
92,1916,2019-03-29T17:20:40.415500Z
93,1911,2019-03-29T17:20:40.416000Z
94,1924,2019-03-29T17:20:40.416500Z
95,1923,2019-03-29T17:20:40.417000Z
96,1932,2019-03-29T17:20:40.417500Z
97,1940,2019-03-29T17:20:40.418000Z
98,1963,2019-03-29T17:20:40.418500Z
99,1981,2019-03-29T17:20:40.419000Z
100,1954,2019-03-29T17:20:40.419500Z
101,1933,2019-03-29T17:20:40.420000Z
102,1927,2019-03-29T17:20:40.420500Z
103,1939,2019-03-29T17:20:40.421000Z
104,1934,2019-03-29T17:20:40.421500Z
105,1943,2019-03-29T17:20:40.422000Z
106,1953,2019-03-29T17:20:40.422500Z
107,1975,2019-03-29T17:20:40.423000Z
108,1958,2019-03-29T17:20:40.423500Z
109,1914,2019-03-29T17:20:40.424000Z
110,1888,2019-03-29T17:20:40.424500Z
111,1861,2019-03-29T17:20:40.425000Z
112,1891,2019-03-29T17:20:40.425500Z
113,1916,2019-03-29T17:20:40.426000Z
114,1928,2019-03-29T17:20:40.426500Z
115,1943,2019-03-29T17:20:40.427000Z
116,1919,2019-03-29T17:20:40.427500Z
117,1915,2019-03-29T17:20:40.428000Z
118,1908,2019-03-29T17:20:40.428500Z
119,1899,2019-03-29T17:20:40.429000Z
120,1920,2019-03-29T17:20:40.429500Z
121,1933,2019-03-29T17:20:40.430000Z
122,1938,2019-03-29T17:20:40.430500Z
123,1953,2019-03-29T17:20:40.431000Z
124,1966,2019-03-29T17:20:40.431500Z
125,1958,2019-03-29T17:20:40.432000Z
126,1936,2019-03-29T17:20:40.432500Z
127,1927,2019-03-29T17:20:40.433000Z
128,1929,2019-03-29T17:20:40.433500Z
129,1923,2019-03-29T17:20:40.434000Z
130,1927,2019-03-29T17:20:40.434500Z
131,1938,2019-03-29T17:20:40.435000Z
132,1958,2019-03-29T17:20:40.435500Z
133,1952,2019-03-29T17:20:40.436000Z
134,1928,2019-03-29T17:20:40.436500Z
135,1891,2019-03-29T17:20:40.437000Z
136,1873,2019-03-29T17:20:40.437500Z
137,1899,2019-03-29T17:20:40.438000Z
138,1909,2019-03-29T17:20:40.438500Z
139,1936,2019-03-29T17:20:40.439000Z
140,1965,2019-03-29T17:20:40.439500Z
141,1979,2019-03-29T17:20:40.440000Z
142,1975,2019-03-29T17:20:40.440500Z
143,1950,2019-03-29T17:20:40.441000Z
144,1928,2019-03-29T17:20:40.441500Z
145,1930,2019-03-29T17:20:40.442000Z
146,1896,2019-03-29T17:20:40.442500Z
147,1884,2019-03-29T17:20:40.443000Z
148,1891,2019-03-29T17:20:40.443500Z
149,1901,2019-03-29T17:20:40.444000Z
150,1921,2019-03-29T17:20:40.444500Z
151,1931,2019-03-29T17:20:40.445000Z
152,1938,2019-03-29T17:20:40.445500Z
153,1938,2019-03-29T17:20:40.446000Z
154,1931,2019-03-29T17:20:40.446500Z
155,1928,2019-03-29T17:20:40.447000Z
156,1929,2019-03-29T17:20:40.447500Z
157,1935,2019-03-29T17:20:40.448000Z
158,1930,2019-03-29T17:20:40.448500Z
159,1927,2019-03-29T17:20:40.449000Z
160,1934,2019-03-29T17:20:40.449500Z
161,1951,2019-03-29T17:20:40.450000Z
162,1964,2019-03-29T17:20:40.450500Z
163,1966,2019-03-29T17:20:40.451000Z
164,1968,2019-03-29T17:20:40.451500Z
165,1976,2019-03-29T17:20:40.452000Z
166,1970,2019-03-29T17:20:40.452500Z
167,1946,2019-03-29T17:20:40.453000Z
168,1907,2019-03-29T17:20:40.453500Z
169,1873,2019-03-29T17:20:40.454000Z
170,1871,2019-03-29T17:20:40.454500Z
171,1874,2019-03-29T17:20:40.455000Z
172,1892,2019-03-29T17:20:40.455500Z
173,1880,2019-03-29T17:20:40.456000Z
174,1916,2019-03-29T17:20:40.456500Z
175,1947,2019-03-29T17:20:40.457000Z
176,1928,2019-03-29T17:20:40.457500Z
177,1911,2019-03-29T17:20:40.458000Z
178,1899,2019-03-29T17:20:40.458500Z
179,1917,2019-03-29T17:20:40.459000Z
180,1957,2019-03-29T17:20:40.459500Z
181,1968,2019-03-29T17:20:40.460000Z
182,1987,2019-03-29T17:20:40.460500Z
183,1973,2019-03-29T17:20:40.461000Z
184,1966,2019-03-29T17:20:40.461500Z
185,1954,2019-03-29T17:20:40.462000Z
186,1950,2019-03-29T17:20:40.462500Z
187,1946,2019-03-29T17:20:40.463000Z
188,1932,2019-03-29T17:20:40.463500Z
189,1925,2019-03-29T17:20:40.464000Z
190,1923,2019-03-29T17:20:40.464500Z
191,1909,2019-03-29T17:20:40.465000Z
192,1896,2019-03-29T17:20:40.465500Z
193,1876,2019-03-29T17:20:40.466000Z
194,1890,2019-03-29T17:20:40.466500Z
195,1911,2019-03-29T17:20:40.467000Z
196,1926,2019-03-29T17:20:40.467500Z
197,1954,2019-03-29T17:20:40.468000Z
198,1951,2019-03-29T17:20:40.468500Z
199,1937,2019-03-29T17:20:40.469000Z
200,1938,2019-03-29T17:20:40.469500Z
201,1945,2019-03-29T17:20:40.470000Z
202,1928,2019-03-29T17:20:40.470500Z
203,1929,2019-03-29T17:20:40.471000Z
204,1954,2019-03-29T17:20:40.471500Z
205,1981,2019-03-29T17:20:40.472000Z
206,1985,2019-03-29T17:20:40.472500Z
207,1961,2019-03-29T17:20:40.473000Z
208,1954,2019-03-29T17:20:40.473500Z
209,1932,2019-03-29T17:20:40.474000Z
210,1911,2019-03-29T17:20:40.474500Z
211,1886,2019-03-29T17:20:40.475000Z
212,1867,2019-03-29T17:20:40.475500Z
213,1878,2019-03-29T17:20:40.476000Z
214,1897,2019-03-29T17:20:40.476500Z
215,1918,2019-03-29T17:20:40.477000Z
216,1943,2019-03-29T17:20:40.477500Z
217,1955,2019-03-29T17:20:40.478000Z
218,1923,2019-03-29T17:20:40.478500Z
219,1915,2019-03-29T17:20:40.479000Z
220,1911,2019-03-29T17:20:40.479500Z
221,1904,2019-03-29T17:20:40.480000Z
222,1923,2019-03-29T17:20:40.480500Z
223,1925,2019-03-29T17:20:40.481000Z
224,1906,2019-03-29T17:20:40.481500Z
225,1918,2019-03-29T17:20:40.482000Z
226,1918,2019-03-29T17:20:40.482500Z
227,1970,2019-03-29T17:20:40.483000Z
228,1939,2019-03-29T17:20:40.483500Z
229,1943,2019-03-29T17:20:40.484000Z
230,1957,2019-03-29T17:20:40.484500Z
231,1934,2019-03-29T17:20:40.485000Z
232,1906,2019-03-29T17:20:40.485500Z
233,1896,2019-03-29T17:20:40.486000Z
234,1883,2019-03-29T17:20:40.486500Z
235,1891,2019-03-29T17:20:40.487000Z
236,1891,2019-03-29T17:20:40.487500Z
237,1900,2019-03-29T17:20:40.488000Z
238,1933,2019-03-29T17:20:40.488500Z
239,1978,2019-03-29T17:20:40.489000Z
240,1997,2019-03-29T17:20:40.489500Z
241,1967,2019-03-29T17:20:40.490000Z
242,1946,2019-03-29T17:20:40.490500Z
243,1963,2019-03-29T17:20:40.491000Z
244,1949,2019-03-29T17:20:40.491500Z
245,1939,2019-03-29T17:20:40.492000Z
246,1929,2019-03-29T17:20:40.492500Z
247,1934,2019-03-29T17:20:40.493000Z
248,1949,2019-03-29T17:20:40.493500Z
249,1947,2019-03-29T17:20:40.494000Z
250,1937,2019-03-29T17:20:40.494500Z
251,1918,2019-03-29T17:20:40.495000Z
252,1898,2019-03-29T17:20:40.495500Z
253,1879,2019-03-29T17:20:40.496000Z
254,1894,2019-03-29T17:20:40.496500Z
255,1908,2019-03-29T17:20:40.497000Z
256,1900,2019-03-29T17:20:40.497500Z
257,1937,2019-03-29T17:20:40.498000Z
258,1959,2019-03-29T17:20:40.498500Z
259,1955,2019-03-29T17:20:40.499000Z
260,1941,2019-03-29T17:20:40.499500Z
261,1946,2019-03-29T17:20:40.500000Z
262,1961,2019-03-29T17:20:40.500500Z
263,1965,2019-03-29T17:20:40.501000Z
264,1977,2019-03-29T17:20:40.501500Z
265,1930,2019-03-29T17:20:40.502000Z
266,1918,2019-03-29T17:20:40.502500Z
267,1918,2019-03-29T17:20:40.503000Z
268,1909,2019-03-29T17:20:40.503500Z
269,1901,2019-03-29T17:20:40.504000Z
270,1923,2019-03-29T17:20:40.504500Z
271,1909,2019-03-29T17:20:40.505000Z
272,1898,2019-03-29T17:20:40.505500Z
273,1895,2019-03-29T17:20:40.506000Z
274,1882,2019-03-29T17:20:40.506500Z
275,1876,2019-03-29T17:20:40.507000Z
276,1907,2019-03-29T17:20:40.507500Z
277,1928,2019-03-29T17:20:40.508000Z
278,1935,2019-03-29T17:20:40.508500Z
279,1935,2019-03-29T17:20:40.509000Z
280,1947,2019-03-29T17:20:40.509500Z
281,1977,2019-03-29T17:20:40.510000Z
282,1990,2019-03-29T17:20:40.510500Z
283,1975,2019-03-29T17:20:40.511000Z
284,1954,2019-03-29T17:20:40.511500Z
285,1945,2019-03-29T17:20:40.512000Z
286,1921,2019-03-29T17:20:40.512500Z
287,1925,2019-03-29T17:20:40.513000Z
288,1928,2019-03-29T17:20:40.513500Z
289,1967,2019-03-29T17:20:40.514000Z
290,1963,2019-03-29T17:20:40.514500Z
291,1936,2019-03-29T17:20:40.515000Z
292,1915,2019-03-29T17:20:40.515500Z
293,1877,2019-03-29T17:20:40.516000Z
294,1882,2019-03-29T17:20:40.516500Z
295,1909,2019-03-29T17:20:40.517000Z
296,1915,2019-03-29T17:20:40.517500Z
297,1923,2019-03-29T17:20:40.518000Z
298,1922,2019-03-29T17:20:40.518500Z
299,1951,2019-03-29T17:20:40.519000Z
300,1966,2019-03-29T17:20:40.519500Z
301,1938,2019-03-29T17:20:40.520000Z
302,1910,2019-03-29T17:20:40.520500Z
303,1900,2019-03-29T17:20:40.521000Z
304,1938,2019-03-29T17:20:40.521500Z
305,1952,2019-03-29T17:20:40.522000Z
306,1947,2019-03-29T17:20:40.522500Z
307,1913,2019-03-29T17:20:40.523000Z
308,1920,2019-03-29T17:20:40.523500Z
309,1908,2019-03-29T17:20:40.524000Z
310,1897,2019-03-29T17:20:40.524500Z
311,1888,2019-03-29T17:20:40.525000Z
312,1873,2019-03-29T17:20:40.525500Z
313,1903,2019-03-29T17:20:40.526000Z
314,1923,2019-03-29T17:20:40.526500Z
315,1911,2019-03-29T17:20:40.527000Z
316,1908,2019-03-29T17:20:40.527500Z
317,1897,2019-03-29T17:20:40.528000Z
318,1929,2019-03-29T17:20:40.528500Z
319,1952,2019-03-29T17:20:40.529000Z
320,1957,2019-03-29T17:20:40.529500Z
321,1975,2019-03-29T17:20:40.530000Z
322,1973,2019-03-29T17:20:40.530500Z
323,1936,2019-03-29T17:20:40.531000Z
324,1912,2019-03-29T17:20:40.531500Z
325,1907,2019-03-29T17:20:40.532000Z
326,1907,2019-03-29T17:20:40.532500Z
327,1931,2019-03-29T17:20:40.533000Z
328,1972,2019-03-29T17:20:40.533500Z
329,1987,2019-03-29T17:20:40.534000Z
330,1975,2019-03-29T17:20:40.534500Z
331,1956,2019-03-29T17:20:40.535000Z
332,1917,2019-03-29T17:20:40.535500Z
333,1888,2019-03-29T17:20:40.536000Z
334,1903,2019-03-29T17:20:40.536500Z
335,1911,2019-03-29T17:20:40.537000Z
336,1933,2019-03-29T17:20:40.537500Z
337,1941,2019-03-29T17:20:40.538000Z
338,1975,2019-03-29T17:20:40.538500Z
339,1984,2019-03-29T17:20:40.539000Z
340,1985,2019-03-29T17:20:40.539500Z
341,1956,2019-03-29T17:20:40.540000Z
342,1935,2019-03-29T17:20:40.540500Z
343,1916,2019-03-29T17:20:40.541000Z
344,1919,2019-03-29T17:20:40.541500Z
345,1940,2019-03-29T17:20:40.542000Z
346,1927,2019-03-29T17:20:40.542500Z
347,1932,2019-03-29T17:20:40.543000Z
348,1920,2019-03-29T17:20:40.543500Z
349,1895,2019-03-29T17:20:40.544000Z
350,1884,2019-03-29T17:20:40.544500Z
351,1869,2019-03-29T17:20:40.545000Z
352,1891,2019-03-29T17:20:40.545500Z
353,1915,2019-03-29T17:20:40.546000Z
354,1936,2019-03-29T17:20:40.546500Z
355,1923,2019-03-29T17:20:40.547000Z
356,1924,2019-03-29T17:20:40.547500Z
357,1933,2019-03-29T17:20:40.548000Z
358,1921,2019-03-29T17:20:40.548500Z
359,1925,2019-03-29T17:20:40.549000Z
360,1956,2019-03-29T17:20:40.549500Z
361,1977,2019-03-29T17:20:40.550000Z
362,1969,2019-03-29T17:20:40.550500Z
363,1948,2019-03-29T17:20:40.551000Z
364,1939,2019-03-29T17:20:40.551500Z
365,1933,2019-03-29T17:20:40.552000Z
366,1920,2019-03-29T17:20:40.552500Z
367,1909,2019-03-29T17:20:40.553000Z
368,1911,2019-03-29T17:20:40.553500Z
369,1942,2019-03-29T17:20:40.554000Z
370,1924,2019-03-29T17:20:40.554500Z
371,1914,2019-03-29T17:20:40.555000Z
372,1903,2019-03-29T17:20:40.555500Z
373,1881,2019-03-29T17:20:40.556000Z
374,1879,2019-03-29T17:20:40.556500Z
375,1898,2019-03-29T17:20:40.557000Z
376,1927,2019-03-29T17:20:40.557500Z
377,1947,2019-03-29T17:20:40.558000Z
378,1948,2019-03-29T17:20:40.558500Z
379,1965,2019-03-29T17:20:40.559000Z
380,1974,2019-03-29T17:20:40.559500Z
381,1963,2019-03-29T17:20:40.560000Z
382,1959,2019-03-29T17:20:40.560500Z
383,1943,2019-03-29T17:20:40.561000Z
384,1943,2019-03-29T17:20:40.561500Z
385,1938,2019-03-29T17:20:40.562000Z
386,1945,2019-03-29T17:20:40.562500Z
387,1952,2019-03-29T17:20:40.563000Z
388,1940,2019-03-29T17:20:40.563500Z
389,1921,2019-03-29T17:20:40.564000Z
390,1879,2019-03-29T17:20:40.564500Z
391,1866,2019-03-29T17:20:40.565000Z
392,1909,2019-03-29T17:20:40.565500Z
393,1932,2019-03-29T17:20:40.566000Z
394,1943,2019-03-29T17:20:40.566500Z
395,1934,2019-03-29T17:20:40.567000Z
396,1921,2019-03-29T17:20:40.567500Z
397,1901,2019-03-29T17:20:40.568000Z
398,1884,2019-03-29T17:20:40.568500Z
399,1894,2019-03-29T17:20:40.569000Z
400,1925,2019-03-29T17:20:40.569500Z
401,1967,2019-03-29T17:20:40.570000Z
402,1997,2019-03-29T17:20:40.570500Z
403,1991,2019-03-29T17:20:40.571000Z
404,1964,2019-03-29T17:20:40.571500Z
405,1922,2019-03-29T17:20:40.572000Z
406,1908,2019-03-29T17:20:40.572500Z
407,1886,2019-03-29T17:20:40.573000Z
408,1889,2019-03-29T17:20:40.573500Z
409,1912,2019-03-29T17:20:40.574000Z
410,1906,2019-03-29T17:20:40.574500Z
411,1909,2019-03-29T17:20:40.575000Z
412,1915,2019-03-29T17:20:40.575500Z
413,1923,2019-03-29T17:20:40.576000Z
414,1897,2019-03-29T17:20:40.576500Z
415,1906,2019-03-29T17:20:40.577000Z
416,1938,2019-03-29T17:20:40.577500Z
417,1925,2019-03-29T17:20:40.578000Z
418,1926,2019-03-29T17:20:40.578500Z
419,1944,2019-03-29T17:20:40.579000Z
420,1943,2019-03-29T17:20:40.579500Z
421,1943,2019-03-29T17:20:40.580000Z
422,1942,2019-03-29T17:20:40.580500Z
423,1917,2019-03-29T17:20:40.581000Z
424,1915,2019-03-29T17:20:40.581500Z
425,1927,2019-03-29T17:20:40.582000Z
426,1950,2019-03-29T17:20:40.582500Z
427,1975,2019-03-29T17:20:40.583000Z
428,1979,2019-03-29T17:20:40.583500Z
429,1968,2019-03-29T17:20:40.584000Z
430,1927,2019-03-29T17:20:40.584500Z
431,1930,2019-03-29T17:20:40.585000Z
432,1925,2019-03-29T17:20:40.585500Z
433,1852,2019-03-29T17:20:40.586000Z
434,1887,2019-03-29T17:20:40.586500Z
435,1934,2019-03-29T17:20:40.587000Z
436,1957,2019-03-29T17:20:40.587500Z
437,1935,2019-03-29T17:20:40.588000Z
438,1949,2019-03-29T17:20:40.588500Z
439,1939,2019-03-29T17:20:40.589000Z
440,1934,2019-03-29T17:20:40.589500Z
441,1917,2019-03-29T17:20:40.590000Z
442,1933,2019-03-29T17:20:40.590500Z
443,1937,2019-03-29T17:20:40.591000Z
444,1949,2019-03-29T17:20:40.591500Z
445,1964,2019-03-29T17:20:40.592000Z
446,1979,2019-03-29T17:20:40.592500Z
447,1974,2019-03-29T17:20:40.593000Z
448,1957,2019-03-29T17:20:40.593500Z
449,1917,2019-03-29T17:20:40.594000Z
450,1905,2019-03-29T17:20:40.594500Z
451,1908,2019-03-29T17:20:40.595000Z
452,1911,2019-03-29T17:20:40.595500Z
453,1892,2019-03-29T17:20:40.596000Z
454,1898,2019-03-29T17:20:40.596500Z
455,1893,2019-03-29T17:20:40.597000Z
456,1901,2019-03-29T17:20:40.597500Z
457,1892,2019-03-29T17:20:40.598000Z
458,1898,2019-03-29T17:20:40.598500Z
459,1962,2019-03-29T17:20:40.599000Z
460,1996,2019-03-29T17:20:40.599500Z
461,1985,2019-03-29T17:20:40.600000Z
462,1971,2019-03-29T17:20:40.600500Z
463,1949,2019-03-29T17:20:40.601000Z
464,1917,2019-03-29T17:20:40.601500Z
465,1896,2019-03-29T17:20:40.602000Z
466,1924,2019-03-29T17:20:40.602500Z
467,1946,2019-03-29T17:20:40.603000Z
468,1958,2019-03-29T17:20:40.603500Z
469,1953,2019-03-29T17:20:40.604000Z
470,1921,2019-03-29T17:20:40.604500Z
471,1885,2019-03-29T17:20:40.605000Z
472,1858,2019-03-29T17:20:40.605500Z
473,1861,2019-03-29T17:20:40.606000Z
474,1849,2019-03-29T17:20:40.606500Z
475,1879,2019-03-29T17:20:40.607000Z
476,1931,2019-03-29T17:20:40.607500Z
477,1960,2019-03-29T17:20:40.608000Z
478,1977,2019-03-29T17:20:40.608500Z
479,1964,2019-03-29T17:20:40.609000Z
480,1959,2019-03-29T17:20:40.609500Z
481,1962,2019-03-29T17:20:40.610000Z
482,1975,2019-03-29T17:20:40.610500Z
483,1986,2019-03-29T17:20:40.611000Z
484,1963,2019-03-29T17:20:40.611500Z
485,1942,2019-03-29T17:20:40.612000Z
486,1916,2019-03-29T17:20:40.612500Z
487,1903,2019-03-29T17:20:40.613000Z
488,1877,2019-03-29T17:20:40.613500Z
489,1885,2019-03-29T17:20:40.614000Z
490,1884,2019-03-29T17:20:40.614500Z
491,1911,2019-03-29T17:20:40.615000Z
492,1913,2019-03-29T17:20:40.615500Z
493,1936,2019-03-29T17:20:40.616000Z
494,1962,2019-03-29T17:20:40.616500Z
495,1939,2019-03-29T17:20:40.617000Z
496,1920,2019-03-29T17:20:40.617500Z
497,1897,2019-03-29T17:20:40.618000Z
498,1891,2019-03-29T17:20:40.618500Z
499,1907,2019-03-29T17:20:40.619000Z
500,1912,2019-03-29T17:20:40.619500Z
501,1956,2019-03-29T17:20:40.620000Z
502,1979,2019-03-29T17:20:40.620500Z
503,1983,2019-03-29T17:20:40.621000Z
504,1975,2019-03-29T17:20:40.621500Z
505,1953,2019-03-29T17:20:40.622000Z
506,1932,2019-03-29T17:20:40.622500Z
507,1927,2019-03-29T17:20:40.623000Z
508,1914,2019-03-29T17:20:40.623500Z
509,1917,2019-03-29T17:20:40.624000Z
510,1912,2019-03-29T17:20:40.624500Z
511,1896,2019-03-29T17:20:40.625000Z
512,1905,2019-03-29T17:20:40.625500Z
513,1924,2019-03-29T17:20:40.626000Z
514,1924,2019-03-29T17:20:40.626500Z
515,1937,2019-03-29T17:20:40.627000Z
516,1920,2019-03-29T17:20:40.627500Z
517,1937,2019-03-29T17:20:40.628000Z
518,1932,2019-03-29T17:20:40.628500Z
519,1910,2019-03-29T17:20:40.629000Z
520,1906,2019-03-29T17:20:40.629500Z
521,1913,2019-03-29T17:20:40.630000Z
522,1941,2019-03-29T17:20:40.630500Z
523,1970,2019-03-29T17:20:40.631000Z
524,1989,2019-03-29T17:20:40.631500Z
525,2017,2019-03-29T17:20:40.632000Z
526,2007,2019-03-29T17:20:40.632500Z
527,1951,2019-03-29T17:20:40.633000Z
528,1922,2019-03-29T17:20:40.633500Z
529,1873,2019-03-29T17:20:40.634000Z
530,1843,2019-03-29T17:20:40.634500Z
531,1883,2019-03-29T17:20:40.635000Z
532,1913,2019-03-29T17:20:40.635500Z
533,1932,2019-03-29T17:20:40.636000Z
534,1927,2019-03-29T17:20:40.636500Z
535,1946,2019-03-29T17:20:40.637000Z
536,1946,2019-03-29T17:20:40.637500Z
537,1914,2019-03-29T17:20:40.638000Z
538,1905,2019-03-29T17:20:40.638500Z
539,1912,2019-03-29T17:20:40.639000Z
540,1906,2019-03-29T17:20:40.639500Z
541,1922,2019-03-29T17:20:40.640000Z
542,1958,2019-03-29T17:20:40.640500Z
543,1964,2019-03-29T17:20:40.641000Z
544,1955,2019-03-29T17:20:40.641500Z
545,1954,2019-03-29T17:20:40.642000Z
546,1949,2019-03-29T17:20:40.642500Z
547,1922,2019-03-29T17:20:40.643000Z
548,1940,2019-03-29T17:20:40.643500Z
549,1952,2019-03-29T17:20:40.644000Z
550,1924,2019-03-29T17:20:40.644500Z
551,1879,2019-03-29T17:20:40.645000Z
552,1872,2019-03-29T17:20:40.645500Z
553,1899,2019-03-29T17:20:40.646000Z
554,1925,2019-03-29T17:20:40.646500Z
555,1926,2019-03-29T17:20:40.647000Z
556,1915,2019-03-29T17:20:40.647500Z
557,1902,2019-03-29T17:20:40.648000Z
558,1927,2019-03-29T17:20:40.648500Z
559,1944,2019-03-29T17:20:40.649000Z
560,1917,2019-03-29T17:20:40.649500Z
561,1905,2019-03-29T17:20:40.650000Z
562,1915,2019-03-29T17:20:40.650500Z
563,1921,2019-03-29T17:20:40.651000Z
564,1916,2019-03-29T17:20:40.651500Z
565,1943,2019-03-29T17:20:40.652000Z
566,1960,2019-03-29T17:20:40.652500Z
567,1945,2019-03-29T17:20:40.653000Z
568,1957,2019-03-29T17:20:40.653500Z
569,1936,2019-03-29T17:20:40.654000Z
570,1921,2019-03-29T17:20:40.654500Z
571,1907,2019-03-29T17:20:40.655000Z
572,1897,2019-03-29T17:20:40.655500Z
573,1900,2019-03-29T17:20:40.656000Z
574,1923,2019-03-29T17:20:40.656500Z
575,1938,2019-03-29T17:20:40.657000Z
576,1953,2019-03-29T17:20:40.657500Z
577,1958,2019-03-29T17:20:40.658000Z
578,1979,2019-03-29T17:20:40.658500Z
579,1985,2019-03-29T17:20:40.659000Z
580,1994,2019-03-29T17:20:40.659500Z
581,1953,2019-03-29T17:20:40.660000Z
582,1927,2019-03-29T17:20:40.660500Z
583,1935,2019-03-29T17:20:40.661000Z
584,1940,2019-03-29T17:20:40.661500Z
585,1917,2019-03-29T17:20:40.662000Z
586,1905,2019-03-29T17:20:40.662500Z
587,1895,2019-03-29T17:20:40.663000Z
588,1900,2019-03-29T17:20:40.663500Z
589,1923,2019-03-29T17:20:40.664000Z
590,1943,2019-03-29T17:20:40.664500Z
591,1952,2019-03-29T17:20:40.665000Z
592,1934,2019-03-29T17:20:40.665500Z
593,1927,2019-03-29T17:20:40.666000Z
594,1897,2019-03-29T17:20:40.666500Z
595,1900,2019-03-29T17:20:40.667000Z
596,1920,2019-03-29T17:20:40.667500Z
597,1916,2019-03-29T17:20:40.668000Z
598,1931,2019-03-29T17:20:40.668500Z
599,1956,2019-03-29T17:20:40.669000Z
600,1937,2019-03-29T17:20:40.669500Z
601,1947,2019-03-29T17:20:40.670000Z
602,1940,2019-03-29T17:20:40.670500Z
603,1941,2019-03-29T17:20:40.671000Z
604,1949,2019-03-29T17:20:40.671500Z
605,1959,2019-03-29T17:20:40.672000Z
606,1944,2019-03-29T17:20:40.672500Z
607,1942,2019-03-29T17:20:40.673000Z
608,1920,2019-03-29T17:20:40.673500Z
609,1891,2019-03-29T17:20:40.674000Z
610,1905,2019-03-29T17:20:40.674500Z
611,1926,2019-03-29T17:20:40.675000Z
612,1914,2019-03-29T17:20:40.675500Z
613,1919,2019-03-29T17:20:40.676000Z
614,1919,2019-03-29T17:20:40.676500Z
615,1904,2019-03-29T17:20:40.677000Z
616,1884,2019-03-29T17:20:40.677500Z
617,1874,2019-03-29T17:20:40.678000Z
618,1885,2019-03-29T17:20:40.678500Z
619,1895,2019-03-29T17:20:40.679000Z
620,1929,2019-03-29T17:20:40.679500Z
621,1999,2019-03-29T17:20:40.680000Z
622,2021,2019-03-29T17:20:40.680500Z
623,2017,2019-03-29T17:20:40.681000Z
624,2016,2019-03-29T17:20:40.681500Z
625,1980,2019-03-29T17:20:40.682000Z
626,1912,2019-03-29T17:20:40.682500Z
627,1872,2019-03-29T17:20:40.683000Z
628,1864,2019-03-29T17:20:40.683500Z
629,1884,2019-03-29T17:20:40.684000Z
630,1907,2019-03-29T17:20:40.684500Z
631,1935,2019-03-29T17:20:40.685000Z
632,1928,2019-03-29T17:20:40.685500Z
633,1892,2019-03-29T17:20:40.686000Z
634,1849,2019-03-29T17:20:40.686500Z
635,1841,2019-03-29T17:20:40.687000Z
636,1873,2019-03-29T17:20:40.687500Z
637,1922,2019-03-29T17:20:40.688000Z
638,1915,2019-03-29T17:20:40.688500Z
639,2002,2019-03-29T17:20:40.689000Z
640,2044,2019-03-29T17:20:40.689500Z
641,2031,2019-03-29T17:20:40.690000Z
642,1979,2019-03-29T17:20:40.690500Z
643,1916,2019-03-29T17:20:40.691000Z
644,1870,2019-03-29T17:20:40.691500Z
645,1894,2019-03-29T17:20:40.692000Z
646,1954,2019-03-29T17:20:40.692500Z
647,1991,2019-03-29T17:20:40.693000Z
648,1994,2019-03-29T17:20:40.693500Z
649,1964,2019-03-29T17:20:40.694000Z
650,1925,2019-03-29T17:20:40.694500Z
651,1900,2019-03-29T17:20:40.695000Z
652,1868,2019-03-29T17:20:40.695500Z
653,1824,2019-03-29T17:20:40.696000Z
654,1835,2019-03-29T17:20:40.696500Z
655,1877,2019-03-29T17:20:40.697000Z
656,1912,2019-03-29T17:20:40.697500Z
657,1938,2019-03-29T17:20:40.698000Z
658,1971,2019-03-29T17:20:40.698500Z
659,1979,2019-03-29T17:20:40.699000Z
660,2002,2019-03-29T17:20:40.699500Z
661,1975,2019-03-29T17:20:40.700000Z
662,1938,2019-03-29T17:20:40.700500Z
663,1937,2019-03-29T17:20:40.701000Z
664,1946,2019-03-29T17:20:40.701500Z
665,1946,2019-03-29T17:20:40.702000Z
666,1938,2019-03-29T17:20:40.702500Z
667,1913,2019-03-29T17:20:40.703000Z
668,1912,2019-03-29T17:20:40.703500Z
669,1908,2019-03-29T17:20:40.704000Z
670,1932,2019-03-29T17:20:40.704500Z
671,1956,2019-03-29T17:20:40.705000Z
672,1959,2019-03-29T17:20:40.705500Z
673,1944,2019-03-29T17:20:40.706000Z
674,1909,2019-03-29T17:20:40.706500Z
675,1873,2019-03-29T17:20:40.707000Z
676,1870,2019-03-29T17:20:40.707500Z
677,1886,2019-03-29T17:20:40.708000Z
678,1901,2019-03-29T17:20:40.708500Z
679,1950,2019-03-29T17:20:40.709000Z
680,1989,2019-03-29T17:20:40.709500Z
681,2000,2019-03-29T17:20:40.710000Z
682,1988,2019-03-29T17:20:40.710500Z
683,1953,2019-03-29T17:20:40.711000Z
684,1940,2019-03-29T17:20:40.711500Z
685,1898,2019-03-29T17:20:40.712000Z
686,1926,2019-03-29T17:20:40.712500Z
687,1908,2019-03-29T17:20:40.713000Z
688,1902,2019-03-29T17:20:40.713500Z
689,1954,2019-03-29T17:20:40.714000Z
690,1967,2019-03-29T17:20:40.714500Z
691,1947,2019-03-29T17:20:40.715000Z
692,1906,2019-03-29T17:20:40.715500Z
693,1843,2019-03-29T17:20:40.716000Z
694,1818,2019-03-29T17:20:40.716500Z
695,1844,2019-03-29T17:20:40.717000Z
696,1885,2019-03-29T17:20:40.717500Z
697,1935,2019-03-29T17:20:40.718000Z
698,1961,2019-03-29T17:20:40.718500Z
699,1978,2019-03-29T17:20:40.719000Z
700,1975,2019-03-29T17:20:40.719500Z
701,1959,2019-03-29T17:20:40.720000Z
702,1953,2019-03-29T17:20:40.720500Z
703,1931,2019-03-29T17:20:40.721000Z
704,1936,2019-03-29T17:20:40.721500Z
705,1927,2019-03-29T17:20:40.722000Z
706,1918,2019-03-29T17:20:40.722500Z
707,1938,2019-03-29T17:20:40.723000Z
708,1929,2019-03-29T17:20:40.723500Z
709,1901,2019-03-29T17:20:40.724000Z
710,1888,2019-03-29T17:20:40.724500Z
711,1868,2019-03-29T17:20:40.725000Z
712,1865,2019-03-29T17:20:40.725500Z
713,1912,2019-03-29T17:20:40.726000Z
714,1961,2019-03-29T17:20:40.726500Z
715,1967,2019-03-29T17:20:40.727000Z
716,1968,2019-03-29T17:20:40.727500Z
717,1969,2019-03-29T17:20:40.728000Z
718,1962,2019-03-29T17:20:40.728500Z
719,1940,2019-03-29T17:20:40.729000Z
720,1930,2019-03-29T17:20:40.729500Z
721,1936,2019-03-29T17:20:40.730000Z
722,1952,2019-03-29T17:20:40.730500Z
723,1965,2019-03-29T17:20:40.731000Z
724,1969,2019-03-29T17:20:40.731500Z
725,1973,2019-03-29T17:20:40.732000Z
726,1979,2019-03-29T17:20:40.732500Z
727,1969,2019-03-29T17:20:40.733000Z
728,1947,2019-03-29T17:20:40.733500Z
729,1929,2019-03-29T17:20:40.734000Z
730,1901,2019-03-29T17:20:40.734500Z
731,1869,2019-03-29T17:20:40.735000Z
732,1863,2019-03-29T17:20:40.735500Z
733,1889,2019-03-29T17:20:40.736000Z
734,1863,2019-03-29T17:20:40.736500Z
735,1892,2019-03-29T17:20:40.737000Z
736,1930,2019-03-29T17:20:40.737500Z
737,1963,2019-03-29T17:20:40.738000Z
738,1974,2019-03-29T17:20:40.738500Z
739,1964,2019-03-29T17:20:40.739000Z
740,1945,2019-03-29T17:20:40.739500Z
741,1939,2019-03-29T17:20:40.740000Z
742,1915,2019-03-29T17:20:40.740500Z
743,1905,2019-03-29T17:20:40.741000Z
744,1920,2019-03-29T17:20:40.741500Z
745,1920,2019-03-29T17:20:40.742000Z
746,1935,2019-03-29T17:20:40.742500Z
747,1958,2019-03-29T17:20:40.743000Z
748,1966,2019-03-29T17:20:40.743500Z
749,1941,2019-03-29T17:20:40.744000Z
750,1913,2019-03-29T17:20:40.744500Z
751,1884,2019-03-29T17:20:40.745000Z
752,1856,2019-03-29T17:20:40.745500Z
753,1849,2019-03-29T17:20:40.746000Z
754,1883,2019-03-29T17:20:40.746500Z
755,1916,2019-03-29T17:20:40.747000Z
756,1945,2019-03-29T17:20:40.747500Z
757,1942,2019-03-29T17:20:40.748000Z
758,1950,2019-03-29T17:20:40.748500Z
759,1953,2019-03-29T17:20:40.749000Z
760,1962,2019-03-29T17:20:40.749500Z
761,1974,2019-03-29T17:20:40.750000Z
762,1964,2019-03-29T17:20:40.750500Z
763,1965,2019-03-29T17:20:40.751000Z
764,1958,2019-03-29T17:20:40.751500Z
765,1968,2019-03-29T17:20:40.752000Z
766,1947,2019-03-29T17:20:40.752500Z
767,1920,2019-03-29T17:20:40.753000Z
768,1946,2019-03-29T17:20:40.753500Z
769,1949,2019-03-29T17:20:40.754000Z
770,1927,2019-03-29T17:20:40.754500Z
771,1931,2019-03-29T17:20:40.755000Z
772,1925,2019-03-29T17:20:40.755500Z
773,1886,2019-03-29T17:20:40.756000Z
774,1851,2019-03-29T17:20:40.756500Z
775,1846,2019-03-29T17:20:40.757000Z
776,1830,2019-03-29T17:20:40.757500Z
777,1868,2019-03-29T17:20:40.758000Z
778,1946,2019-03-29T17:20:40.758500Z
779,1998,2019-03-29T17:20:40.759000Z
780,2014,2019-03-29T17:20:40.759500Z
781,1997,2019-03-29T17:20:40.760000Z
782,1956,2019-03-29T17:20:40.760500Z
783,1926,2019-03-29T17:20:40.761000Z
784,1898,2019-03-29T17:20:40.761500Z
785,1915,2019-03-29T17:20:40.762000Z
786,1943,2019-03-29T17:20:40.762500Z
787,1947,2019-03-29T17:20:40.763000Z
788,1959,2019-03-29T17:20:40.763500Z
789,1940,2019-03-29T17:20:40.764000Z
790,1919,2019-03-29T17:20:40.764500Z
791,1914,2019-03-29T17:20:40.765000Z
792,1909,2019-03-29T17:20:40.765500Z
793,1896,2019-03-29T17:20:40.766000Z
794,1915,2019-03-29T17:20:40.766500Z
795,1931,2019-03-29T17:20:40.767000Z
796,1926,2019-03-29T17:20:40.767500Z
797,1921,2019-03-29T17:20:40.768000Z
798,1926,2019-03-29T17:20:40.768500Z
799,1906,2019-03-29T17:20:40.769000Z
800,1916,2019-03-29T17:20:40.769500Z
801,1920,2019-03-29T17:20:40.770000Z
802,1940,2019-03-29T17:20:40.770500Z
803,1978,2019-03-29T17:20:40.771000Z
804,1985,2019-03-29T17:20:40.771500Z
805,1959,2019-03-29T17:20:40.772000Z
806,1925,2019-03-29T17:20:40.772500Z
807,1894,2019-03-29T17:20:40.773000Z
808,1887,2019-03-29T17:20:40.773500Z
809,1871,2019-03-29T17:20:40.774000Z
810,1903,2019-03-29T17:20:40.774500Z
811,1932,2019-03-29T17:20:40.775000Z
812,1958,2019-03-29T17:20:40.775500Z
813,1948,2019-03-29T17:20:40.776000Z
814,1910,2019-03-29T17:20:40.776500Z
815,1898,2019-03-29T17:20:40.777000Z
816,1902,2019-03-29T17:20:40.777500Z
817,1894,2019-03-29T17:20:40.778000Z
818,1933,2019-03-29T17:20:40.778500Z
819,1977,2019-03-29T17:20:40.779000Z
820,1987,2019-03-29T17:20:40.779500Z
821,1989,2019-03-29T17:20:40.780000Z
822,1976,2019-03-29T17:20:40.780500Z
823,1943,2019-03-29T17:20:40.781000Z
824,1905,2019-03-29T17:20:40.781500Z
825,1901,2019-03-29T17:20:40.782000Z
826,1911,2019-03-29T17:20:40.782500Z
827,1910,2019-03-29T17:20:40.783000Z
828,1917,2019-03-29T17:20:40.783500Z
829,1906,2019-03-29T17:20:40.784000Z
830,1901,2019-03-29T17:20:40.784500Z
831,1879,2019-03-29T17:20:40.785000Z
832,1885,2019-03-29T17:20:40.785500Z
833,1933,2019-03-29T17:20:40.786000Z
834,1955,2019-03-29T17:20:40.786500Z
835,1973,2019-03-29T17:20:40.787000Z
836,1976,2019-03-29T17:20:40.787500Z
837,1964,2019-03-29T17:20:40.788000Z
838,1945,2019-03-29T17:20:40.788500Z
839,1911,2019-03-29T17:20:40.789000Z
840,1897,2019-03-29T17:20:40.789500Z
841,1915,2019-03-29T17:20:40.790000Z
842,1929,2019-03-29T17:20:40.790500Z
843,1911,2019-03-29T17:20:40.791000Z
844,2013,2019-03-29T17:20:40.791500Z
845,2044,2019-03-29T17:20:40.792000Z
846,2043,2019-03-29T17:20:40.792500Z
847,1988,2019-03-29T17:20:40.793000Z
848,1933,2019-03-29T17:20:40.793500Z
849,1893,2019-03-29T17:20:40.794000Z
850,1870,2019-03-29T17:20:40.794500Z
851,1845,2019-03-29T17:20:40.795000Z
852,1858,2019-03-29T17:20:40.795500Z
853,1868,2019-03-29T17:20:40.796000Z
854,1890,2019-03-29T17:20:40.796500Z
855,1894,2019-03-29T17:20:40.797000Z
856,1888,2019-03-29T17:20:40.797500Z
857,1909,2019-03-29T17:20:40.798000Z
858,1941,2019-03-29T17:20:40.798500Z
859,1958,2019-03-29T17:20:40.799000Z
860,1970,2019-03-29T17:20:40.799500Z
861,1944,2019-03-29T17:20:40.800000Z
862,1930,2019-03-29T17:20:40.800500Z
863,1914,2019-03-29T17:20:40.801000Z
864,1904,2019-03-29T17:20:40.801500Z
865,1895,2019-03-29T17:20:40.802000Z
866,1923,2019-03-29T17:20:40.802500Z
867,1992,2019-03-29T17:20:40.803000Z
868,2020,2019-03-29T17:20:40.803500Z
869,2025,2019-03-29T17:20:40.804000Z
870,1971,2019-03-29T17:20:40.804500Z
871,1932,2019-03-29T17:20:40.805000Z
872,1878,2019-03-29T17:20:40.805500Z
873,1846,2019-03-29T17:20:40.806000Z
874,1847,2019-03-29T17:20:40.806500Z
875,1868,2019-03-29T17:20:40.807000Z
876,1925,2019-03-29T17:20:40.807500Z
877,1992,2019-03-29T17:20:40.808000Z
878,1990,2019-03-29T17:20:40.808500Z
879,1991,2019-03-29T17:20:40.809000Z
880,1967,2019-03-29T17:20:40.809500Z
881,1919,2019-03-29T17:20:40.810000Z
882,1897,2019-03-29T17:20:40.810500Z
883,1926,2019-03-29T17:20:40.811000Z
884,1933,2019-03-29T17:20:40.811500Z
885,1943,2019-03-29T17:20:40.812000Z
886,1942,2019-03-29T17:20:40.812500Z
887,1922,2019-03-29T17:20:40.813000Z
888,1898,2019-03-29T17:20:40.813500Z
889,1887,2019-03-29T17:20:40.814000Z
890,1884,2019-03-29T17:20:40.814500Z
891,1882,2019-03-29T17:20:40.815000Z
892,1906,2019-03-29T17:20:40.815500Z
893,1906,2019-03-29T17:20:40.816000Z
894,1901,2019-03-29T17:20:40.816500Z
895,1908,2019-03-29T17:20:40.817000Z
896,1911,2019-03-29T17:20:40.817500Z
897,1890,2019-03-29T17:20:40.818000Z
898,1878,2019-03-29T17:20:40.818500Z
899,1882,2019-03-29T17:20:40.819000Z
900,1916,2019-03-29T17:20:40.819500Z
901,1997,2019-03-29T17:20:40.820000Z
902,2027,2019-03-29T17:20:40.820500Z
903,2023,2019-03-29T17:20:40.821000Z
904,2021,2019-03-29T17:20:40.821500Z
905,1988,2019-03-29T17:20:40.822000Z
906,1942,2019-03-29T17:20:40.822500Z
907,1911,2019-03-29T17:20:40.823000Z
908,1904,2019-03-29T17:20:40.823500Z
909,1911,2019-03-29T17:20:40.824000Z
910,1914,2019-03-29T17:20:40.824500Z
911,1922,2019-03-29T17:20:40.825000Z
912,1925,2019-03-29T17:20:40.825500Z
913,1935,2019-03-29T17:20:40.826000Z
914,1929,2019-03-29T17:20:40.826500Z
915,1936,2019-03-29T17:20:40.827000Z
916,1950,2019-03-29T17:20:40.827500Z
917,1931,2019-03-29T17:20:40.828000Z
918,1900,2019-03-29T17:20:40.828500Z
919,1888,2019-03-29T17:20:40.829000Z
920,1877,2019-03-29T17:20:40.829500Z
921,1890,2019-03-29T17:20:40.830000Z
922,1922,2019-03-29T17:20:40.830500Z
923,1951,2019-03-29T17:20:40.831000Z
924,1979,2019-03-29T17:20:40.831500Z
925,1994,2019-03-29T17:20:40.832000Z
926,2010,2019-03-29T17:20:40.832500Z
927,2043,2019-03-29T17:20:40.833000Z
928,2005,2019-03-29T17:20:40.833500Z
929,1915,2019-03-29T17:20:40.834000Z
930,1839,2019-03-29T17:20:40.834500Z
931,1799,2019-03-29T17:20:40.835000Z
932,1812,2019-03-29T17:20:40.835500Z
933,1866,2019-03-29T17:20:40.836000Z
934,1900,2019-03-29T17:20:40.836500Z
935,1953,2019-03-29T17:20:40.837000Z
936,1999,2019-03-29T17:20:40.837500Z
937,1985,2019-03-29T17:20:40.838000Z
938,1953,2019-03-29T17:20:40.838500Z
939,1921,2019-03-29T17:20:40.839000Z
940,1859,2019-03-29T17:20:40.839500Z
941,1851,2019-03-29T17:20:40.840000Z
942,1883,2019-03-29T17:20:40.840500Z
943,1954,2019-03-29T17:20:40.841000Z
944,1974,2019-03-29T17:20:40.841500Z
945,2002,2019-03-29T17:20:40.842000Z
946,1991,2019-03-29T17:20:40.842500Z
947,1970,2019-03-29T17:20:40.843000Z
948,1939,2019-03-29T17:20:40.843500Z
949,1945,2019-03-29T17:20:40.844000Z
950,1941,2019-03-29T17:20:40.844500Z
951,1929,2019-03-29T17:20:40.845000Z
952,1903,2019-03-29T17:20:40.845500Z
953,1891,2019-03-29T17:20:40.846000Z
954,1872,2019-03-29T17:20:40.846500Z
955,1886,2019-03-29T17:20:40.847000Z
956,1900,2019-03-29T17:20:40.847500Z
957,1948,2019-03-29T17:20:40.848000Z
958,1985,2019-03-29T17:20:40.848500Z
959,2030,2019-03-29T17:20:40.849000Z
960,2000,2019-03-29T17:20:40.849500Z
961,1937,2019-03-29T17:20:40.850000Z
962,1901,2019-03-29T17:20:40.850500Z
963,1866,2019-03-29T17:20:40.851000Z
964,1879,2019-03-29T17:20:40.851500Z
965,1902,2019-03-29T17:20:40.852000Z
966,1936,2019-03-29T17:20:40.852500Z
967,1988,2019-03-29T17:20:40.853000Z
968,2004,2019-03-29T17:20:40.853500Z
969,1978,2019-03-29T17:20:40.854000Z
970,1943,2019-03-29T17:20:40.854500Z
971,1882,2019-03-29T17:20:40.855000Z
972,1856,2019-03-29T17:20:40.855500Z
973,1856,2019-03-29T17:20:40.856000Z
974,1881,2019-03-29T17:20:40.856500Z
975,1898,2019-03-29T17:20:40.857000Z
976,1908,2019-03-29T17:20:40.857500Z
977,1916,2019-03-29T17:20:40.858000Z
978,1923,2019-03-29T17:20:40.858500Z
979,1916,2019-03-29T17:20:40.859000Z
980,1926,2019-03-29T17:20:40.859500Z
981,1939,2019-03-29T17:20:40.860000Z
982,1974,2019-03-29T17:20:40.860500Z
983,1987,2019-03-29T17:20:40.861000Z
984,1991,2019-03-29T17:20:40.861500Z
985,1984,2019-03-29T17:20:40.862000Z
986,1960,2019-03-29T17:20:40.862500Z
987,1939,2019-03-29T17:20:40.863000Z
988,1930,2019-03-29T17:20:40.863500Z
989,1915,2019-03-29T17:20:40.864000Z
990,1910,2019-03-29T17:20:40.864500Z
991,1924,2019-03-29T17:20:40.865000Z
992,1927,2019-03-29T17:20:40.865500Z
993,1923,2019-03-29T17:20:40.866000Z
994,1888,2019-03-29T17:20:40.866500Z
995,1864,2019-03-29T17:20:40.867000Z
996,1889,2019-03-29T17:20:40.867500Z
997,1922,2019-03-29T17:20:40.868000Z
998,1929,2019-03-29T17:20:40.868500Z
999,1948,2019-03-29T17:20:40.869000Z
1000,1975,2019-03-29T17:20:40.869500Z
1001,1981,2019-03-29T17:20:40.870000Z
1002,1961,2019-03-29T17:20:40.870500Z
1003,1925,2019-03-29T17:20:40.871000Z
1004,1888,2019-03-29T17:20:40.871500Z
1005,1895,2019-03-29T17:20:40.872000Z
1006,1940,2019-03-29T17:20:40.872500Z
1007,1967,2019-03-29T17:20:40.873000Z
1008,1983,2019-03-29T17:20:40.873500Z
1009,1983,2019-03-29T17:20:40.874000Z
1010,1953,2019-03-29T17:20:40.874500Z
1011,1890,2019-03-29T17:20:40.875000Z
1012,1880,2019-03-29T17:20:40.875500Z
1013,1876,2019-03-29T17:20:40.876000Z
1014,1891,2019-03-29T17:20:40.876500Z
1015,1911,2019-03-29T17:20:40.877000Z
1016,1936,2019-03-29T17:20:40.877500Z
1017,1971,2019-03-29T17:20:40.878000Z
1018,1972,2019-03-29T17:20:40.878500Z
1019,1936,2019-03-29T17:20:40.879000Z
1020,1907,2019-03-29T17:20:40.879500Z
1021,1915,2019-03-29T17:20:40.880000Z
1022,1920,2019-03-29T17:20:40.880500Z
1023,1931,2019-03-29T17:20:40.881000Z
1024,1952,2019-03-29T17:20:40.881500Z
1025,1954,2019-03-29T17:20:40.882000Z
1026,1947,2019-03-29T17:20:40.882500Z
1027,1903,2019-03-29T17:20:40.883000Z
1028,1870,2019-03-29T17:20:40.883500Z
1029,1858,2019-03-29T17:20:40.884000Z
1030,1889,2019-03-29T17:20:40.884500Z
1031,1927,2019-03-29T17:20:40.885000Z
1032,1979,2019-03-29T17:20:40.885500Z
1033,2002,2019-03-29T17:20:40.886000Z
1034,1980,2019-03-29T17:20:40.886500Z
1035,1928,2019-03-29T17:20:40.887000Z
1036,1869,2019-03-29T17:20:40.887500Z
1037,1856,2019-03-29T17:20:40.888000Z
1038,1873,2019-03-29T17:20:40.888500Z
1039,1916,2019-03-29T17:20:40.889000Z
1040,1981,2019-03-29T17:20:40.889500Z
1041,2030,2019-03-29T17:20:40.890000Z
1042,2022,2019-03-29T17:20:40.890500Z
1043,1983,2019-03-29T17:20:40.891000Z
1044,1943,2019-03-29T17:20:40.891500Z
1045,1887,2019-03-29T17:20:40.892000Z
1046,1871,2019-03-29T17:20:40.892500Z
1047,1815,2019-03-29T17:20:40.893000Z
1048,1828,2019-03-29T17:20:40.893500Z
1049,1924,2019-03-29T17:20:40.894000Z
1050,1954,2019-03-29T17:20:40.894500Z
1051,2001,2019-03-29T17:20:40.895000Z
1052,2004,2019-03-29T17:20:40.895500Z
1053,1945,2019-03-29T17:20:40.896000Z
1054,1909,2019-03-29T17:20:40.896500Z
1055,1885,2019-03-29T17:20:40.897000Z
1056,1886,2019-03-29T17:20:40.897500Z
1057,1919,2019-03-29T17:20:40.898000Z
1058,1936,2019-03-29T17:20:40.898500Z
1059,1920,2019-03-29T17:20:40.899000Z
1060,1941,2019-03-29T17:20:40.899500Z
1061,1957,2019-03-29T17:20:40.900000Z
1062,1977,2019-03-29T17:20:40.900500Z
1063,1957,2019-03-29T17:20:40.901000Z
1064,1949,2019-03-29T17:20:40.901500Z
1065,1963,2019-03-29T17:20:40.902000Z
1066,1963,2019-03-29T17:20:40.902500Z
1067,1959,2019-03-29T17:20:40.903000Z
1068,1952,2019-03-29T17:20:40.903500Z
1069,1902,2019-03-29T17:20:40.904000Z
1070,1873,2019-03-29T17:20:40.904500Z
1071,1844,2019-03-29T17:20:40.905000Z
1072,1876,2019-03-29T17:20:40.905500Z
1073,1922,2019-03-29T17:20:40.906000Z
1074,1957,2019-03-29T17:20:40.906500Z
1075,1949,2019-03-29T17:20:40.907000Z
1076,1927,2019-03-29T17:20:40.907500Z
1077,1942,2019-03-29T17:20:40.908000Z
1078,1943,2019-03-29T17:20:40.908500Z
1079,1950,2019-03-29T17:20:40.909000Z
1080,1917,2019-03-29T17:20:40.909500Z
1081,1892,2019-03-29T17:20:40.910000Z
1082,1900,2019-03-29T17:20:40.910500Z
1083,1958,2019-03-29T17:20:40.911000Z
1084,1979,2019-03-29T17:20:40.911500Z
1085,1959,2019-03-29T17:20:40.912000Z
1086,1902,2019-03-29T17:20:40.912500Z
1087,1852,2019-03-29T17:20:40.913000Z
1088,1834,2019-03-29T17:20:40.913500Z
1089,1881,2019-03-29T17:20:40.914000Z
1090,1948,2019-03-29T17:20:40.914500Z
1091,1990,2019-03-29T17:20:40.915000Z
1092,1997,2019-03-29T17:20:40.915500Z
1093,1956,2019-03-29T17:20:40.916000Z
1094,1938,2019-03-29T17:20:40.916500Z
1095,1917,2019-03-29T17:20:40.917000Z
1096,1876,2019-03-29T17:20:40.917500Z
1097,1865,2019-03-29T17:20:40.918000Z
1098,1889,2019-03-29T17:20:40.918500Z
1099,1977,2019-03-29T17:20:40.919000Z
1100,2074,2019-03-29T17:20:40.919500Z
1101,2095,2019-03-29T17:20:40.920000Z
1102,2046,2019-03-29T17:20:40.920500Z
1103,1955,2019-03-29T17:20:40.921000Z
1104,1890,2019-03-29T17:20:40.921500Z
1105,1849,2019-03-29T17:20:40.922000Z
1106,1847,2019-03-29T17:20:40.922500Z
1107,1887,2019-03-29T17:20:40.923000Z
1108,1929,2019-03-29T17:20:40.923500Z
1109,1975,2019-03-29T17:20:40.924000Z
1110,1988,2019-03-29T17:20:40.924500Z
1111,1933,2019-03-29T17:20:40.925000Z
1112,1874,2019-03-29T17:20:40.925500Z
1113,1830,2019-03-29T17:20:40.926000Z
1114,1875,2019-03-29T17:20:40.926500Z
1115,1984,2019-03-29T17:20:40.927000Z
1116,2035,2019-03-29T17:20:40.927500Z
1117,2022,2019-03-29T17:20:40.928000Z
1118,1931,2019-03-29T17:20:40.928500Z
1119,1834,2019-03-29T17:20:40.929000Z
1120,1771,2019-03-29T17:20:40.929500Z
1121,1788,2019-03-29T17:20:40.930000Z
1122,1876,2019-03-29T17:20:40.930500Z
1123,1955,2019-03-29T17:20:40.931000Z
1124,2044,2019-03-29T17:20:40.931500Z
1125,2098,2019-03-29T17:20:40.932000Z
1126,2066,2019-03-29T17:20:40.932500Z
1127,1962,2019-03-29T17:20:40.933000Z
1128,1834,2019-03-29T17:20:40.933500Z
1129,1782,2019-03-29T17:20:40.934000Z
1130,1789,2019-03-29T17:20:40.934500Z
1131,1829,2019-03-29T17:20:40.935000Z
1132,1888,2019-03-29T17:20:40.935500Z
1133,1954,2019-03-29T17:20:40.936000Z
1134,2011,2019-03-29T17:20:40.936500Z
1135,2050,2019-03-29T17:20:40.937000Z
1136,2039,2019-03-29T17:20:40.937500Z
1137,1975,2019-03-29T17:20:40.938000Z
1138,1867,2019-03-29T17:20:40.938500Z
1139,1785,2019-03-29T17:20:40.939000Z
1140,1807,2019-03-29T17:20:40.939500Z
1141,1873,2019-03-29T17:20:40.940000Z
1142,1953,2019-03-29T17:20:40.940500Z
1143,2012,2019-03-29T17:20:40.941000Z
1144,2024,2019-03-29T17:20:40.941500Z
1145,1973,2019-03-29T17:20:40.942000Z
1146,1930,2019-03-29T17:20:40.942500Z
1147,1924,2019-03-29T17:20:40.943000Z
1148,1927,2019-03-29T17:20:40.943500Z
1149,1911,2019-03-29T17:20:40.944000Z
1150,1911,2019-03-29T17:20:40.944500Z
1151,1938,2019-03-29T17:20:40.945000Z
1152,1935,2019-03-29T17:20:40.945500Z
1153,1912,2019-03-29T17:20:40.946000Z
1154,1895,2019-03-29T17:20:40.946500Z
1155,1913,2019-03-29T17:20:40.947000Z
1156,1950,2019-03-29T17:20:40.947500Z
1157,1991,2019-03-29T17:20:40.948000Z
1158,2006,2019-03-29T17:20:40.948500Z
1159,1989,2019-03-29T17:20:40.949000Z
1160,1932,2019-03-29T17:20:40.949500Z
1161,1900,2019-03-29T17:20:40.950000Z
1162,1886,2019-03-29T17:20:40.950500Z
1163,1877,2019-03-29T17:20:40.951000Z
1164,1849,2019-03-29T17:20:40.951500Z
1165,1906,2019-03-29T17:20:40.952000Z
1166,2025,2019-03-29T17:20:40.952500Z
1167,2123,2019-03-29T17:20:40.953000Z
1168,2123,2019-03-29T17:20:40.953500Z
1169,2008,2019-03-29T17:20:40.954000Z
1170,1831,2019-03-29T17:20:40.954500Z
1171,1692,2019-03-29T17:20:40.955000Z
1172,1683,2019-03-29T17:20:40.955500Z
1173,1770,2019-03-29T17:20:40.956000Z
1174,1932,2019-03-29T17:20:40.956500Z
1175,2062,2019-03-29T17:20:40.957000Z
1176,2122,2019-03-29T17:20:40.957500Z
1177,2113,2019-03-29T17:20:40.958000Z
1178,2034,2019-03-29T17:20:40.958500Z
1179,1908,2019-03-29T17:20:40.959000Z
1180,1795,2019-03-29T17:20:40.959500Z
1181,1788,2019-03-29T17:20:40.960000Z
1182,1872,2019-03-29T17:20:40.960500Z
1183,1966,2019-03-29T17:20:40.961000Z
1184,2005,2019-03-29T17:20:40.961500Z
1185,1990,2019-03-29T17:20:40.962000Z
1186,1934,2019-03-29T17:20:40.962500Z
1187,1902,2019-03-29T17:20:40.963000Z
1188,1909,2019-03-29T17:20:40.963500Z
1189,1906,2019-03-29T17:20:40.964000Z
1190,1928,2019-03-29T17:20:40.964500Z
1191,1944,2019-03-29T17:20:40.965000Z
1192,1946,2019-03-29T17:20:40.965500Z
1193,1918,2019-03-29T17:20:40.966000Z
1194,1869,2019-03-29T17:20:40.966500Z
1195,1843,2019-03-29T17:20:40.967000Z
1196,1850,2019-03-29T17:20:40.967500Z
1197,1913,2019-03-29T17:20:40.968000Z
1198,1988,2019-03-29T17:20:40.968500Z
1199,2059,2019-03-29T17:20:40.969000Z
1200,2025,2019-03-29T17:20:40.969500Z
1201,1964,2019-03-29T17:20:40.970000Z
1202,1905,2019-03-29T17:20:40.970500Z
1203,1861,2019-03-29T17:20:40.971000Z
1204,1847,2019-03-29T17:20:40.971500Z
1205,1852,2019-03-29T17:20:40.972000Z
1206,1918,2019-03-29T17:20:40.972500Z
1207,1972,2019-03-29T17:20:40.973000Z
1208,1992,2019-03-29T17:20:40.973500Z
1209,1957,2019-03-29T17:20:40.974000Z
1210,1878,2019-03-29T17:20:40.974500Z
1211,1810,2019-03-29T17:20:40.975000Z
1212,1786,2019-03-29T17:20:40.975500Z
1213,1862,2019-03-29T17:20:40.976000Z
1214,1938,2019-03-29T17:20:40.976500Z
1215,1997,2019-03-29T17:20:40.977000Z
1216,2014,2019-03-29T17:20:40.977500Z
1217,2029,2019-03-29T17:20:40.978000Z
1218,2010,2019-03-29T17:20:40.978500Z
1219,1952,2019-03-29T17:20:40.979000Z
1220,1899,2019-03-29T17:20:40.979500Z
1221,1869,2019-03-29T17:20:40.980000Z
1222,1875,2019-03-29T17:20:40.980500Z
1223,1927,2019-03-29T17:20:40.981000Z
1224,1964,2019-03-29T17:20:40.981500Z
1225,1994,2019-03-29T17:20:40.982000Z
1226,1982,2019-03-29T17:20:40.982500Z
1227,1971,2019-03-29T17:20:40.983000Z
1228,1944,2019-03-29T17:20:40.983500Z
1229,1957,2019-03-29T17:20:40.984000Z
1230,1934,2019-03-29T17:20:40.984500Z
1231,1911,2019-03-29T17:20:40.985000Z
1232,1925,2019-03-29T17:20:40.985500Z
1233,1896,2019-03-29T17:20:40.986000Z
1234,1893,2019-03-29T17:20:40.986500Z
1235,1906,2019-03-29T17:20:40.987000Z
1236,1902,2019-03-29T17:20:40.987500Z
1237,1923,2019-03-29T17:20:40.988000Z
1238,1975,2019-03-29T17:20:40.988500Z
1239,2032,2019-03-29T17:20:40.989000Z
1240,2050,2019-03-29T17:20:40.989500Z
1241,1995,2019-03-29T17:20:40.990000Z
1242,1922,2019-03-29T17:20:40.990500Z
1243,1847,2019-03-29T17:20:40.991000Z
1244,1811,2019-03-29T17:20:40.991500Z
1245,1850,2019-03-29T17:20:40.992000Z
1246,1934,2019-03-29T17:20:40.992500Z
1247,1976,2019-03-29T17:20:40.993000Z
1248,2008,2019-03-29T17:20:40.993500Z
1249,1990,2019-03-29T17:20:40.994000Z
1250,1915,2019-03-29T17:20:40.994500Z
1251,1869,2019-03-29T17:20:40.995000Z
1252,1782,2019-03-29T17:20:40.995500Z
1253,1818,2019-03-29T17:20:40.996000Z
1254,1902,2019-03-29T17:20:40.996500Z
1255,1974,2019-03-29T17:20:40.997000Z
1256,2027,2019-03-29T17:20:40.997500Z
1257,2005,2019-03-29T17:20:40.998000Z
1258,1941,2019-03-29T17:20:40.998500Z
1259,1880,2019-03-29T17:20:40.999000Z
1260,1864,2019-03-29T17:20:40.999500Z
1261,1863,2019-03-29T17:20:41.000000Z
1262,1973,2019-03-29T17:20:41.000500Z
1263,2009,2019-03-29T17:20:41.001000Z
1264,2008,2019-03-29T17:20:41.001500Z
1265,1986,2019-03-29T17:20:41.002000Z
1266,1927,2019-03-29T17:20:41.002500Z
1267,1869,2019-03-29T17:20:41.003000Z
1268,1854,2019-03-29T17:20:41.003500Z
1269,1886,2019-03-29T17:20:41.004000Z
1270,1933,2019-03-29T17:20:41.004500Z
1271,1955,2019-03-29T17:20:41.005000Z
1272,1952,2019-03-29T17:20:41.005500Z
1273,1925,2019-03-29T17:20:41.006000Z
1274,1920,2019-03-29T17:20:41.006500Z
1275,1923,2019-03-29T17:20:41.007000Z
1276,1903,2019-03-29T17:20:41.007500Z
1277,1908,2019-03-29T17:20:41.008000Z
1278,1931,2019-03-29T17:20:41.008500Z
1279,1964,2019-03-29T17:20:41.009000Z
1280,1968,2019-03-29T17:20:41.009500Z
1281,1931,2019-03-29T17:20:41.010000Z
1282,1918,2019-03-29T17:20:41.010500Z
1283,1943,2019-03-29T17:20:41.011000Z
1284,1972,2019-03-29T17:20:41.011500Z
1285,1993,2019-03-29T17:20:41.012000Z
1286,1953,2019-03-29T17:20:41.012500Z
1287,1936,2019-03-29T17:20:41.013000Z
1288,1914,2019-03-29T17:20:41.013500Z
1289,1861,2019-03-29T17:20:41.014000Z
1290,1842,2019-03-29T17:20:41.014500Z
1291,1818,2019-03-29T17:20:41.015000Z
1292,1831,2019-03-29T17:20:41.015500Z
1293,1897,2019-03-29T17:20:41.016000Z
1294,1994,2019-03-29T17:20:41.016500Z
1295,2079,2019-03-29T17:20:41.017000Z
1296,2105,2019-03-29T17:20:41.017500Z
1297,2040,2019-03-29T17:20:41.018000Z
1298,1943,2019-03-29T17:20:41.018500Z
1299,1852,2019-03-29T17:20:41.019000Z
1300,1779,2019-03-29T17:20:41.019500Z
1301,1784,2019-03-29T17:20:41.020000Z
1302,1863,2019-03-29T17:20:41.020500Z
1303,1969,2019-03-29T17:20:41.021000Z
1304,2087,2019-03-29T17:20:41.021500Z
1305,2154,2019-03-29T17:20:41.022000Z
1306,2120,2019-03-29T17:20:41.022500Z
1307,2057,2019-03-29T17:20:41.023000Z
1308,1939,2019-03-29T17:20:41.023500Z
1309,1719,2019-03-29T17:20:41.024000Z
1310,1581,2019-03-29T17:20:41.024500Z
1311,1650,2019-03-29T17:20:41.025000Z
1312,1815,2019-03-29T17:20:41.025500Z
1313,1825,2019-03-29T17:20:41.026000Z
1314,1839,2019-03-29T17:20:41.026500Z
1315,1857,2019-03-29T17:20:41.027000Z
1316,1856,2019-03-29T17:20:41.027500Z
1317,1856,2019-03-29T17:20:41.028000Z
1318,2008,2019-03-29T17:20:41.028500Z
1319,2083,2019-03-29T17:20:41.029000Z
1320,2075,2019-03-29T17:20:41.029500Z
1321,2127,2019-03-29T17:20:41.030000Z
1322,2151,2019-03-29T17:20:41.030500Z
1323,2118,2019-03-29T17:20:41.031000Z
1324,1949,2019-03-29T17:20:41.031500Z
1325,1906,2019-03-29T17:20:41.032000Z
1326,1940,2019-03-29T17:20:41.032500Z
1327,1927,2019-03-29T17:20:41.033000Z
1328,1888,2019-03-29T17:20:41.033500Z
1329,1852,2019-03-29T17:20:41.034000Z
1330,1790,2019-03-29T17:20:41.034500Z
1331,1728,2019-03-29T17:20:41.035000Z
1332,1678,2019-03-29T17:20:41.035500Z
1333,1689,2019-03-29T17:20:41.036000Z
1334,1770,2019-03-29T17:20:41.036500Z
1335,1886,2019-03-29T17:20:41.037000Z
1336,2006,2019-03-29T17:20:41.037500Z
1337,2097,2019-03-29T17:20:41.038000Z
1338,2100,2019-03-29T17:20:41.038500Z
1339,2043,2019-03-29T17:20:41.039000Z
1340,1960,2019-03-29T17:20:41.039500Z
1341,1909,2019-03-29T17:20:41.040000Z
1342,1917,2019-03-29T17:20:41.040500Z
1343,1967,2019-03-29T17:20:41.041000Z
1344,2055,2019-03-29T17:20:41.041500Z
1345,2121,2019-03-29T17:20:41.042000Z
1346,2113,2019-03-29T17:20:41.042500Z
1347,2066,2019-03-29T17:20:41.043000Z
1348,1967,2019-03-29T17:20:41.043500Z
1349,1883,2019-03-29T17:20:41.044000Z
1350,1872,2019-03-29T17:20:41.044500Z
1351,1888,2019-03-29T17:20:41.045000Z
1352,1949,2019-03-29T17:20:41.045500Z
1353,2022,2019-03-29T17:20:41.046000Z
1354,2055,2019-03-29T17:20:41.046500Z
1355,2037,2019-03-29T17:20:41.047000Z
1356,1994,2019-03-29T17:20:41.047500Z
1357,1944,2019-03-29T17:20:41.048000Z
1358,1924,2019-03-29T17:20:41.048500Z
1359,1926,2019-03-29T17:20:41.049000Z
1360,1955,2019-03-29T17:20:41.049500Z
1361,1987,2019-03-29T17:20:41.050000Z
1362,1968,2019-03-29T17:20:41.050500Z
1363,1939,2019-03-29T17:20:41.051000Z
1364,1947,2019-03-29T17:20:41.051500Z
1365,1965,2019-03-29T17:20:41.052000Z
1366,1943,2019-03-29T17:20:41.052500Z
1367,1931,2019-03-29T17:20:41.053000Z
1368,1932,2019-03-29T17:20:41.053500Z
1369,1916,2019-03-29T17:20:41.054000Z
1370,1877,2019-03-29T17:20:41.054500Z
1371,1849,2019-03-29T17:20:41.055000Z
1372,1824,2019-03-29T17:20:41.055500Z
1373,1847,2019-03-29T17:20:41.056000Z
1374,1894,2019-03-29T17:20:41.056500Z
1375,1953,2019-03-29T17:20:41.057000Z
1376,1984,2019-03-29T17:20:41.057500Z
1377,2007,2019-03-29T17:20:41.058000Z
1378,2010,2019-03-29T17:20:41.058500Z
1379,1978,2019-03-29T17:20:41.059000Z
1380,1911,2019-03-29T17:20:41.059500Z
1381,1874,2019-03-29T17:20:41.060000Z
1382,1855,2019-03-29T17:20:41.060500Z
1383,1889,2019-03-29T17:20:41.061000Z
1384,1927,2019-03-29T17:20:41.061500Z
1385,1981,2019-03-29T17:20:41.062000Z
1386,1989,2019-03-29T17:20:41.062500Z
1387,1990,2019-03-29T17:20:41.063000Z
1388,1952,2019-03-29T17:20:41.063500Z
1389,1870,2019-03-29T17:20:41.064000Z
1390,1809,2019-03-29T17:20:41.064500Z
1391,1774,2019-03-29T17:20:41.065000Z
1392,1815,2019-03-29T17:20:41.065500Z
1393,1873,2019-03-29T17:20:41.066000Z
1394,1942,2019-03-29T17:20:41.066500Z
1395,1994,2019-03-29T17:20:41.067000Z
1396,2007,2019-03-29T17:20:41.067500Z
1397,1972,2019-03-29T17:20:41.068000Z
1398,1942,2019-03-29T17:20:41.068500Z
1399,1916,2019-03-29T17:20:41.069000Z
1400,1917,2019-03-29T17:20:41.069500Z
1401,1916,2019-03-29T17:20:41.070000Z
1402,1929,2019-03-29T17:20:41.070500Z
1403,1929,2019-03-29T17:20:41.071000Z
1404,1925,2019-03-29T17:20:41.071500Z
1405,1903,2019-03-29T17:20:41.072000Z
1406,1879,2019-03-29T17:20:41.072500Z
1407,1853,2019-03-29T17:20:41.073000Z
1408,1861,2019-03-29T17:20:41.073500Z
1409,1902,2019-03-29T17:20:41.074000Z
1410,1954,2019-03-29T17:20:41.074500Z
1411,1975,2019-03-29T17:20:41.075000Z
1412,1989,2019-03-29T17:20:41.075500Z
1413,1969,2019-03-29T17:20:41.076000Z
1414,1906,2019-03-29T17:20:41.076500Z
1415,1880,2019-03-29T17:20:41.077000Z
1416,1878,2019-03-29T17:20:41.077500Z
1417,1890,2019-03-29T17:20:41.078000Z
1418,1936,2019-03-29T17:20:41.078500Z
1419,1974,2019-03-29T17:20:41.079000Z
1420,1963,2019-03-29T17:20:41.079500Z
1421,1940,2019-03-29T17:20:41.080000Z
1422,1911,2019-03-29T17:20:41.080500Z
1423,1917,2019-03-29T17:20:41.081000Z
1424,1929,2019-03-29T17:20:41.081500Z
1425,1938,2019-03-29T17:20:41.082000Z
1426,1948,2019-03-29T17:20:41.082500Z
1427,1948,2019-03-29T17:20:41.083000Z
1428,1930,2019-03-29T17:20:41.083500Z
1429,1918,2019-03-29T17:20:41.084000Z
1430,1881,2019-03-29T17:20:41.084500Z
1431,1878,2019-03-29T17:20:41.085000Z
1432,1890,2019-03-29T17:20:41.085500Z
1433,1940,2019-03-29T17:20:41.086000Z
1434,1965,2019-03-29T17:20:41.086500Z
1435,1980,2019-03-29T17:20:41.087000Z
1436,1960,2019-03-29T17:20:41.087500Z
1437,1929,2019-03-29T17:20:41.088000Z
1438,1895,2019-03-29T17:20:41.088500Z
1439,1890,2019-03-29T17:20:41.089000Z
1440,1895,2019-03-29T17:20:41.089500Z
1441,1932,2019-03-29T17:20:41.090000Z
1442,1973,2019-03-29T17:20:41.090500Z
1443,1987,2019-03-29T17:20:41.091000Z
1444,1988,2019-03-29T17:20:41.091500Z
1445,1961,2019-03-29T17:20:41.092000Z
1446,1910,2019-03-29T17:20:41.092500Z
1447,1854,2019-03-29T17:20:41.093000Z
1448,1852,2019-03-29T17:20:41.093500Z
1449,1870,2019-03-29T17:20:41.094000Z
1450,1920,2019-03-29T17:20:41.094500Z
1451,1983,2019-03-29T17:20:41.095000Z
1452,1975,2019-03-29T17:20:41.095500Z
1453,1954,2019-03-29T17:20:41.096000Z
1454,1930,2019-03-29T17:20:41.096500Z
1455,1895,2019-03-29T17:20:41.097000Z
1456,1868,2019-03-29T17:20:41.097500Z
1457,1856,2019-03-29T17:20:41.098000Z
1458,1892,2019-03-29T17:20:41.098500Z
1459,1962,2019-03-29T17:20:41.099000Z
1460,2012,2019-03-29T17:20:41.099500Z
1461,2044,2019-03-29T17:20:41.100000Z
1462,2061,2019-03-29T17:20:41.100500Z
1463,2034,2019-03-29T17:20:41.101000Z
1464,1975,2019-03-29T17:20:41.101500Z
1465,1905,2019-03-29T17:20:41.102000Z
1466,1863,2019-03-29T17:20:41.102500Z
1467,1851,2019-03-29T17:20:41.103000Z
1468,1880,2019-03-29T17:20:41.103500Z
1469,1912,2019-03-29T17:20:41.104000Z
1470,1934,2019-03-29T17:20:41.104500Z
1471,1946,2019-03-29T17:20:41.105000Z
1472,1946,2019-03-29T17:20:41.105500Z
1473,1931,2019-03-29T17:20:41.106000Z
1474,1908,2019-03-29T17:20:41.106500Z
1475,1911,2019-03-29T17:20:41.107000Z
1476,1915,2019-03-29T17:20:41.107500Z
1477,1914,2019-03-29T17:20:41.108000Z
1478,1905,2019-03-29T17:20:41.108500Z
1479,1924,2019-03-29T17:20:41.109000Z
1480,1970,2019-03-29T17:20:41.109500Z
1481,2018,2019-03-29T17:20:41.110000Z
1482,2052,2019-03-29T17:20:41.110500Z
1483,2042,2019-03-29T17:20:41.111000Z
1484,2022,2019-03-29T17:20:41.111500Z
1485,1950,2019-03-29T17:20:41.112000Z
1486,1896,2019-03-29T17:20:41.112500Z
1487,1862,2019-03-29T17:20:41.113000Z
1488,1828,2019-03-29T17:20:41.113500Z
1489,1827,2019-03-29T17:20:41.114000Z
1490,1885,2019-03-29T17:20:41.114500Z
1491,1941,2019-03-29T17:20:41.115000Z
1492,1984,2019-03-29T17:20:41.115500Z
1493,2002,2019-03-29T17:20:41.116000Z
1494,1982,2019-03-29T17:20:41.116500Z
1495,1937,2019-03-29T17:20:41.117000Z
1496,1885,2019-03-29T17:20:41.117500Z
1497,1862,2019-03-29T17:20:41.118000Z
1498,1868,2019-03-29T17:20:41.118500Z
1499,1914,2019-03-29T17:20:41.119000Z
1500,1955,2019-03-29T17:20:41.119500Z
1501,1990,2019-03-29T17:20:41.120000Z
1502,1990,2019-03-29T17:20:41.120500Z
1503,1961,2019-03-29T17:20:41.121000Z
1504,1952,2019-03-29T17:20:41.121500Z
1505,1940,2019-03-29T17:20:41.122000Z
1506,1990,2019-03-29T17:20:41.122500Z
1507,1991,2019-03-29T17:20:41.123000Z
1508,1931,2019-03-29T17:20:41.123500Z
1509,1888,2019-03-29T17:20:41.124000Z
1510,1875,2019-03-29T17:20:41.124500Z
1511,1863,2019-03-29T17:20:41.125000Z
1512,1881,2019-03-29T17:20:41.125500Z
1513,1893,2019-03-29T17:20:41.126000Z
1514,1896,2019-03-29T17:20:41.126500Z
1515,1902,2019-03-29T17:20:41.127000Z
1516,1943,2019-03-29T17:20:41.127500Z
1517,1974,2019-03-29T17:20:41.128000Z
1518,1975,2019-03-29T17:20:41.128500Z
1519,1943,2019-03-29T17:20:41.129000Z
1520,1928,2019-03-29T17:20:41.129500Z
1521,1922,2019-03-29T17:20:41.130000Z
1522,1930,2019-03-29T17:20:41.130500Z
1523,1942,2019-03-29T17:20:41.131000Z
1524,1953,2019-03-29T17:20:41.131500Z
1525,1932,2019-03-29T17:20:41.132000Z
1526,1922,2019-03-29T17:20:41.132500Z
1527,1895,2019-03-29T17:20:41.133000Z
1528,1891,2019-03-29T17:20:41.133500Z
1529,1906,2019-03-29T17:20:41.134000Z
1530,1917,2019-03-29T17:20:41.134500Z
1531,1901,2019-03-29T17:20:41.135000Z
1532,1879,2019-03-29T17:20:41.135500Z
1533,1885,2019-03-29T17:20:41.136000Z
1534,1903,2019-03-29T17:20:41.136500Z
1535,1911,2019-03-29T17:20:41.137000Z
1536,1910,2019-03-29T17:20:41.137500Z
1537,1928,2019-03-29T17:20:41.138000Z
1538,1947,2019-03-29T17:20:41.138500Z
1539,2089,2019-03-29T17:20:41.139000Z
1540,2165,2019-03-29T17:20:41.139500Z
1541,2199,2019-03-29T17:20:41.140000Z
1542,2149,2019-03-29T17:20:41.140500Z
1543,2084,2019-03-29T17:20:41.141000Z
1544,2007,2019-03-29T17:20:41.141500Z
1545,1962,2019-03-29T17:20:41.142000Z
1546,1919,2019-03-29T17:20:41.142500Z
1547,1892,2019-03-29T17:20:41.143000Z
1548,1889,2019-03-29T17:20:41.143500Z
1549,1907,2019-03-29T17:20:41.144000Z
1550,1889,2019-03-29T17:20:41.144500Z
1551,1853,2019-03-29T17:20:41.145000Z
1552,1865,2019-03-29T17:20:41.145500Z
1553,1845,2019-03-29T17:20:41.146000Z
1554,1824,2019-03-29T17:20:41.146500Z
1555,1836,2019-03-29T17:20:41.147000Z
1556,1837,2019-03-29T17:20:41.147500Z
1557,1844,2019-03-29T17:20:41.148000Z
1558,1846,2019-03-29T17:20:41.148500Z
1559,1860,2019-03-29T17:20:41.149000Z
1560,1865,2019-03-29T17:20:41.149500Z
1561,1875,2019-03-29T17:20:41.150000Z
1562,1887,2019-03-29T17:20:41.150500Z
1563,1907,2019-03-29T17:20:41.151000Z
1564,1950,2019-03-29T17:20:41.151500Z
1565,1951,2019-03-29T17:20:41.152000Z
1566,1917,2019-03-29T17:20:41.152500Z
1567,1897,2019-03-29T17:20:41.153000Z
1568,1865,2019-03-29T17:20:41.153500Z
1569,1841,2019-03-29T17:20:41.154000Z
1570,1841,2019-03-29T17:20:41.154500Z
1571,1840,2019-03-29T17:20:41.155000Z
1572,1858,2019-03-29T17:20:41.155500Z
1573,1894,2019-03-29T17:20:41.156000Z
1574,1937,2019-03-29T17:20:41.156500Z
1575,1947,2019-03-29T17:20:41.157000Z
1576,1966,2019-03-29T17:20:41.157500Z
1577,1956,2019-03-29T17:20:41.158000Z
1578,1938,2019-03-29T17:20:41.158500Z
1579,1926,2019-03-29T17:20:41.159000Z
1580,1936,2019-03-29T17:20:41.159500Z
1581,1947,2019-03-29T17:20:41.160000Z
1582,1956,2019-03-29T17:20:41.160500Z
1583,1975,2019-03-29T17:20:41.161000Z
1584,1971,2019-03-29T17:20:41.161500Z
1585,1948,2019-03-29T17:20:41.162000Z
1586,1937,2019-03-29T17:20:41.162500Z
1587,1948,2019-03-29T17:20:41.163000Z
1588,1946,2019-03-29T17:20:41.163500Z
1589,1944,2019-03-29T17:20:41.164000Z
1590,1939,2019-03-29T17:20:41.164500Z
1591,1932,2019-03-29T17:20:41.165000Z
1592,1920,2019-03-29T17:20:41.165500Z
1593,1935,2019-03-29T17:20:41.166000Z
1594,1935,2019-03-29T17:20:41.166500Z
1595,1930,2019-03-29T17:20:41.167000Z
1596,1954,2019-03-29T17:20:41.167500Z
1597,1971,2019-03-29T17:20:41.168000Z
1598,1959,2019-03-29T17:20:41.168500Z
1599,1960,2019-03-29T17:20:41.169000Z
1600,1925,2019-03-29T17:20:41.169500Z
1601,1889,2019-03-29T17:20:41.170000Z
1602,1904,2019-03-29T17:20:41.170500Z
1603,1928,2019-03-29T17:20:41.171000Z
1604,1934,2019-03-29T17:20:41.171500Z
1605,1941,2019-03-29T17:20:41.172000Z
1606,1945,2019-03-29T17:20:41.172500Z
1607,1958,2019-03-29T17:20:41.173000Z
1608,1953,2019-03-29T17:20:41.173500Z
1609,1922,2019-03-29T17:20:41.174000Z
1610,1896,2019-03-29T17:20:41.174500Z
1611,1882,2019-03-29T17:20:41.175000Z
1612,1893,2019-03-29T17:20:41.175500Z
1613,1920,2019-03-29T17:20:41.176000Z
1614,1954,2019-03-29T17:20:41.176500Z
1615,1975,2019-03-29T17:20:41.177000Z
1616,1959,2019-03-29T17:20:41.177500Z
1617,1972,2019-03-29T17:20:41.178000Z
1618,1960,2019-03-29T17:20:41.178500Z
1619,1946,2019-03-29T17:20:41.179000Z
1620,1941,2019-03-29T17:20:41.179500Z
1621,1968,2019-03-29T17:20:41.180000Z
1622,1961,2019-03-29T17:20:41.180500Z
1623,1969,2019-03-29T17:20:41.181000Z
1624,1969,2019-03-29T17:20:41.181500Z
1625,1950,2019-03-29T17:20:41.182000Z
1626,1915,2019-03-29T17:20:41.182500Z
1627,1906,2019-03-29T17:20:41.183000Z
1628,1880,2019-03-29T17:20:41.183500Z
1629,1852,2019-03-29T17:20:41.184000Z
1630,1849,2019-03-29T17:20:41.184500Z
1631,1872,2019-03-29T17:20:41.185000Z
1632,1897,2019-03-29T17:20:41.185500Z
1633,1933,2019-03-29T17:20:41.186000Z
1634,1943,2019-03-29T17:20:41.186500Z
1635,1943,2019-03-29T17:20:41.187000Z
1636,1956,2019-03-29T17:20:41.187500Z
1637,1978,2019-03-29T17:20:41.188000Z
1638,1986,2019-03-29T17:20:41.188500Z
1639,1972,2019-03-29T17:20:41.189000Z
1640,1954,2019-03-29T17:20:41.189500Z
1641,1964,2019-03-29T17:20:41.190000Z
1642,1954,2019-03-29T17:20:41.190500Z
1643,1962,2019-03-29T17:20:41.191000Z
1644,1997,2019-03-29T17:20:41.191500Z
1645,2001,2019-03-29T17:20:41.192000Z
1646,2013,2019-03-29T17:20:41.192500Z
1647,2016,2019-03-29T17:20:41.193000Z
1648,1974,2019-03-29T17:20:41.193500Z
1649,1911,2019-03-29T17:20:41.194000Z
1650,1862,2019-03-29T17:20:41.194500Z
1651,1810,2019-03-29T17:20:41.195000Z
1652,1804,2019-03-29T17:20:41.195500Z
1653,1836,2019-03-29T17:20:41.196000Z
1654,1871,2019-03-29T17:20:41.196500Z
1655,1917,2019-03-29T17:20:41.197000Z
1656,1968,2019-03-29T17:20:41.197500Z
1657,1975,2019-03-29T17:20:41.198000Z
1658,1959,2019-03-29T17:20:41.198500Z
1659,1953,2019-03-29T17:20:41.199000Z
1660,1909,2019-03-29T17:20:41.199500Z
1661,1845,2019-03-29T17:20:41.200000Z
1662,1910,2019-03-29T17:20:41.200500Z
1663,1938,2019-03-29T17:20:41.201000Z
1664,1963,2019-03-29T17:20:41.201500Z
1665,1973,2019-03-29T17:20:41.202000Z
1666,1978,2019-03-29T17:20:41.202500Z
1667,1983,2019-03-29T17:20:41.203000Z
1668,1942,2019-03-29T17:20:41.203500Z
1669,1896,2019-03-29T17:20:41.204000Z
1670,1855,2019-03-29T17:20:41.204500Z
1671,1827,2019-03-29T17:20:41.205000Z
1672,1829,2019-03-29T17:20:41.205500Z
1673,1872,2019-03-29T17:20:41.206000Z
1674,1906,2019-03-29T17:20:41.206500Z
1675,1955,2019-03-29T17:20:41.207000Z
1676,1979,2019-03-29T17:20:41.207500Z
1677,2005,2019-03-29T17:20:41.208000Z
1678,2012,2019-03-29T17:20:41.208500Z
1679,1998,2019-03-29T17:20:41.209000Z
1680,1978,2019-03-29T17:20:41.209500Z
1681,1953,2019-03-29T17:20:41.210000Z
1682,1911,2019-03-29T17:20:41.210500Z
1683,1881,2019-03-29T17:20:41.211000Z
1684,1879,2019-03-29T17:20:41.211500Z
1685,1869,2019-03-29T17:20:41.212000Z
1686,1895,2019-03-29T17:20:41.212500Z
1687,1932,2019-03-29T17:20:41.213000Z
1688,1941,2019-03-29T17:20:41.213500Z
1689,1918,2019-03-29T17:20:41.214000Z
1690,1904,2019-03-29T17:20:41.214500Z
1691,1879,2019-03-29T17:20:41.215000Z
1692,1870,2019-03-29T17:20:41.215500Z
1693,1867,2019-03-29T17:20:41.216000Z
1694,1879,2019-03-29T17:20:41.216500Z
1695,1917,2019-03-29T17:20:41.217000Z
1696,1965,2019-03-29T17:20:41.217500Z
1697,2016,2019-03-29T17:20:41.218000Z
1698,2036,2019-03-29T17:20:41.218500Z
1699,2005,2019-03-29T17:20:41.219000Z
1700,1976,2019-03-29T17:20:41.219500Z
1701,1945,2019-03-29T17:20:41.220000Z
1702,1916,2019-03-29T17:20:41.220500Z
1703,1925,2019-03-29T17:20:41.221000Z
1704,1919,2019-03-29T17:20:41.221500Z
1705,1914,2019-03-29T17:20:41.222000Z
1706,1927,2019-03-29T17:20:41.222500Z
1707,1927,2019-03-29T17:20:41.223000Z
1708,1932,2019-03-29T17:20:41.223500Z
1709,1927,2019-03-29T17:20:41.224000Z
1710,1906,2019-03-29T17:20:41.224500Z
1711,1879,2019-03-29T17:20:41.225000Z
1712,1889,2019-03-29T17:20:41.225500Z
1713,1907,2019-03-29T17:20:41.226000Z
1714,1932,2019-03-29T17:20:41.226500Z
1715,1946,2019-03-29T17:20:41.227000Z
1716,1927,2019-03-29T17:20:41.227500Z
1717,1930,2019-03-29T17:20:41.228000Z
1718,1955,2019-03-29T17:20:41.228500Z
1719,1963,2019-03-29T17:20:41.229000Z
1720,1962,2019-03-29T17:20:41.229500Z
1721,1969,2019-03-29T17:20:41.230000Z
1722,1968,2019-03-29T17:20:41.230500Z
1723,1952,2019-03-29T17:20:41.231000Z
1724,1948,2019-03-29T17:20:41.231500Z
1725,1966,2019-03-29T17:20:41.232000Z
1726,1968,2019-03-29T17:20:41.232500Z
1727,1945,2019-03-29T17:20:41.233000Z
1728,1952,2019-03-29T17:20:41.233500Z
1729,1955,2019-03-29T17:20:41.234000Z
1730,1938,2019-03-29T17:20:41.234500Z
1731,1891,2019-03-29T17:20:41.235000Z
1732,1840,2019-03-29T17:20:41.235500Z
1733,1853,2019-03-29T17:20:41.236000Z
1734,1873,2019-03-29T17:20:41.236500Z
1735,1888,2019-03-29T17:20:41.237000Z
1736,1906,2019-03-29T17:20:41.237500Z
1737,1924,2019-03-29T17:20:41.238000Z
1738,1949,2019-03-29T17:20:41.238500Z
1739,1942,2019-03-29T17:20:41.239000Z
1740,1938,2019-03-29T17:20:41.239500Z
1741,1931,2019-03-29T17:20:41.240000Z
1742,1930,2019-03-29T17:20:41.240500Z
1743,1935,2019-03-29T17:20:41.241000Z
1744,1954,2019-03-29T17:20:41.241500Z
1745,1985,2019-03-29T17:20:41.242000Z
1746,1997,2019-03-29T17:20:41.242500Z
1747,1968,2019-03-29T17:20:41.243000Z
1748,1940,2019-03-29T17:20:41.243500Z
1749,1903,2019-03-29T17:20:41.244000Z
1750,1891,2019-03-29T17:20:41.244500Z
1751,1887,2019-03-29T17:20:41.245000Z
1752,1891,2019-03-29T17:20:41.245500Z
1753,1894,2019-03-29T17:20:41.246000Z
1754,1904,2019-03-29T17:20:41.246500Z
1755,1905,2019-03-29T17:20:41.247000Z
1756,1893,2019-03-29T17:20:41.247500Z
1757,1881,2019-03-29T17:20:41.248000Z
1758,1901,2019-03-29T17:20:41.248500Z
1759,1925,2019-03-29T17:20:41.249000Z
1760,1973,2019-03-29T17:20:41.249500Z
1761,2004,2019-03-29T17:20:41.250000Z
1762,1989,2019-03-29T17:20:41.250500Z
1763,1973,2019-03-29T17:20:41.251000Z
1764,1961,2019-03-29T17:20:41.251500Z
1765,1930,2019-03-29T17:20:41.252000Z
1766,1894,2019-03-29T17:20:41.252500Z
1767,1872,2019-03-29T17:20:41.253000Z
1768,1865,2019-03-29T17:20:41.253500Z
1769,1888,2019-03-29T17:20:41.254000Z
1770,1922,2019-03-29T17:20:41.254500Z
1771,1927,2019-03-29T17:20:41.255000Z
1772,1930,2019-03-29T17:20:41.255500Z
1773,1934,2019-03-29T17:20:41.256000Z
1774,1933,2019-03-29T17:20:41.256500Z
1775,1935,2019-03-29T17:20:41.257000Z
1776,1931,2019-03-29T17:20:41.257500Z
1777,1947,2019-03-29T17:20:41.258000Z
1778,1945,2019-03-29T17:20:41.258500Z
1779,1919,2019-03-29T17:20:41.259000Z
1780,1917,2019-03-29T17:20:41.259500Z
1781,1937,2019-03-29T17:20:41.260000Z
1782,1953,2019-03-29T17:20:41.260500Z
1783,1963,2019-03-29T17:20:41.261000Z
1784,1985,2019-03-29T17:20:41.261500Z
1785,1994,2019-03-29T17:20:41.262000Z
1786,1980,2019-03-29T17:20:41.262500Z
1787,1945,2019-03-29T17:20:41.263000Z
1788,1896,2019-03-29T17:20:41.263500Z
1789,1872,2019-03-29T17:20:41.264000Z
1790,1853,2019-03-29T17:20:41.264500Z
1791,1853,2019-03-29T17:20:41.265000Z
1792,1866,2019-03-29T17:20:41.265500Z
1793,1912,2019-03-29T17:20:41.266000Z
1794,1976,2019-03-29T17:20:41.266500Z
1795,1998,2019-03-29T17:20:41.267000Z
1796,1996,2019-03-29T17:20:41.267500Z
1797,1965,2019-03-29T17:20:41.268000Z
1798,1920,2019-03-29T17:20:41.268500Z
1799,1909,2019-03-29T17:20:41.269000Z
1800,1916,2019-03-29T17:20:41.269500Z
1801,1915,2019-03-29T17:20:41.270000Z
1802,1951,2019-03-29T17:20:41.270500Z
1803,1965,2019-03-29T17:20:41.271000Z
1804,1959,2019-03-29T17:20:41.271500Z
1805,1962,2019-03-29T17:20:41.272000Z
1806,1919,2019-03-29T17:20:41.272500Z
1807,1889,2019-03-29T17:20:41.273000Z
1808,1882,2019-03-29T17:20:41.273500Z
1809,1867,2019-03-29T17:20:41.274000Z
1810,1869,2019-03-29T17:20:41.274500Z
1811,1886,2019-03-29T17:20:41.275000Z
1812,1926,2019-03-29T17:20:41.275500Z
1813,1921,2019-03-29T17:20:41.276000Z
1814,1915,2019-03-29T17:20:41.276500Z
1815,1920,2019-03-29T17:20:41.277000Z
1816,1928,2019-03-29T17:20:41.277500Z
1817,1954,2019-03-29T17:20:41.278000Z
1818,1965,2019-03-29T17:20:41.278500Z
1819,1946,2019-03-29T17:20:41.279000Z
1820,1957,2019-03-29T17:20:41.279500Z
1821,1958,2019-03-29T17:20:41.280000Z
1822,1957,2019-03-29T17:20:41.280500Z
1823,1961,2019-03-29T17:20:41.281000Z
1824,1968,2019-03-29T17:20:41.281500Z
1825,1966,2019-03-29T17:20:41.282000Z
1826,1956,2019-03-29T17:20:41.282500Z
1827,1967,2019-03-29T17:20:41.283000Z
1828,1960,2019-03-29T17:20:41.283500Z
1829,1917,2019-03-29T17:20:41.284000Z
1830,1899,2019-03-29T17:20:41.284500Z
1831,1884,2019-03-29T17:20:41.285000Z
1832,1863,2019-03-29T17:20:41.285500Z
1833,1851,2019-03-29T17:20:41.286000Z
1834,1892,2019-03-29T17:20:41.286500Z
1835,1941,2019-03-29T17:20:41.287000Z
1836,1966,2019-03-29T17:20:41.287500Z
1837,1973,2019-03-29T17:20:41.288000Z
1838,1958,2019-03-29T17:20:41.288500Z
1839,1928,2019-03-29T17:20:41.289000Z
1840,1874,2019-03-29T17:20:41.289500Z
1841,1884,2019-03-29T17:20:41.290000Z
1842,1912,2019-03-29T17:20:41.290500Z
1843,1924,2019-03-29T17:20:41.291000Z
1844,1943,2019-03-29T17:20:41.291500Z
1845,1959,2019-03-29T17:20:41.292000Z
1846,1950,2019-03-29T17:20:41.292500Z
1847,1934,2019-03-29T17:20:41.293000Z
1848,1930,2019-03-29T17:20:41.293500Z
1849,1917,2019-03-29T17:20:41.294000Z
1850,1888,2019-03-29T17:20:41.294500Z
1851,1878,2019-03-29T17:20:41.295000Z
1852,1883,2019-03-29T17:20:41.295500Z
1853,1878,2019-03-29T17:20:41.296000Z
1854,1917,2019-03-29T17:20:41.296500Z
1855,1930,2019-03-29T17:20:41.297000Z
1856,1931,2019-03-29T17:20:41.297500Z
1857,1931,2019-03-29T17:20:41.298000Z
1858,1952,2019-03-29T17:20:41.298500Z
1859,1974,2019-03-29T17:20:41.299000Z
1860,1991,2019-03-29T17:20:41.299500Z
1861,2000,2019-03-29T17:20:41.300000Z
1862,1968,2019-03-29T17:20:41.300500Z
1863,1951,2019-03-29T17:20:41.301000Z
1864,1938,2019-03-29T17:20:41.301500Z
1865,1910,2019-03-29T17:20:41.302000Z
1866,1869,2019-03-29T17:20:41.302500Z
1867,1935,2019-03-29T17:20:41.303000Z
1868,1949,2019-03-29T17:20:41.303500Z
1869,1936,2019-03-29T17:20:41.304000Z
1870,1926,2019-03-29T17:20:41.304500Z
1871,1912,2019-03-29T17:20:41.305000Z
1872,1904,2019-03-29T17:20:41.305500Z
1873,1900,2019-03-29T17:20:41.306000Z
1874,1896,2019-03-29T17:20:41.306500Z
1875,1889,2019-03-29T17:20:41.307000Z
1876,1910,2019-03-29T17:20:41.307500Z
1877,1937,2019-03-29T17:20:41.308000Z
1878,1985,2019-03-29T17:20:41.308500Z
1879,2012,2019-03-29T17:20:41.309000Z
1880,1998,2019-03-29T17:20:41.309500Z
1881,1988,2019-03-29T17:20:41.310000Z
1882,1979,2019-03-29T17:20:41.310500Z
1883,1943,2019-03-29T17:20:41.311000Z
1884,1911,2019-03-29T17:20:41.311500Z
1885,1882,2019-03-29T17:20:41.312000Z
1886,1894,2019-03-29T17:20:41.312500Z
1887,1896,2019-03-29T17:20:41.313000Z
1888,1905,2019-03-29T17:20:41.313500Z
1889,1890,2019-03-29T17:20:41.314000Z
1890,1881,2019-03-29T17:20:41.314500Z
1891,1897,2019-03-29T17:20:41.315000Z
1892,1944,2019-03-29T17:20:41.315500Z
1893,1967,2019-03-29T17:20:41.316000Z
1894,1937,2019-03-29T17:20:41.316500Z
1895,1902,2019-03-29T17:20:41.317000Z
1896,1885,2019-03-29T17:20:41.317500Z
1897,1877,2019-03-29T17:20:41.318000Z
1898,1916,2019-03-29T17:20:41.318500Z
1899,1956,2019-03-29T17:20:41.319000Z
1900,2001,2019-03-29T17:20:41.319500Z
1901,2033,2019-03-29T17:20:41.320000Z
1902,2052,2019-03-29T17:20:41.320500Z
1903,2035,2019-03-29T17:20:41.321000Z
1904,1982,2019-03-29T17:20:41.321500Z
1905,1917,2019-03-29T17:20:41.322000Z
1906,1865,2019-03-29T17:20:41.322500Z
1907,1845,2019-03-29T17:20:41.323000Z
1908,1858,2019-03-29T17:20:41.323500Z
1909,1882,2019-03-29T17:20:41.324000Z
1910,1903,2019-03-29T17:20:41.324500Z
1911,1927,2019-03-29T17:20:41.325000Z
1912,1930,2019-03-29T17:20:41.325500Z
1913,1914,2019-03-29T17:20:41.326000Z
1914,1887,2019-03-29T17:20:41.326500Z
1915,1871,2019-03-29T17:20:41.327000Z
1916,1859,2019-03-29T17:20:41.327500Z
1917,1904,2019-03-29T17:20:41.328000Z
1918,1931,2019-03-29T17:20:41.328500Z
1919,1953,2019-03-29T17:20:41.329000Z
1920,1956,2019-03-29T17:20:41.329500Z
1921,1974,2019-03-29T17:20:41.330000Z
1922,1989,2019-03-29T17:20:41.330500Z
1923,1991,2019-03-29T17:20:41.331000Z
1924,1967,2019-03-29T17:20:41.331500Z
1925,1971,2019-03-29T17:20:41.332000Z
1926,1958,2019-03-29T17:20:41.332500Z
1927,1942,2019-03-29T17:20:41.333000Z
1928,1935,2019-03-29T17:20:41.333500Z
1929,1921,2019-03-29T17:20:41.334000Z
1930,1917,2019-03-29T17:20:41.334500Z
1931,1909,2019-03-29T17:20:41.335000Z
1932,1925,2019-03-29T17:20:41.335500Z
1933,1938,2019-03-29T17:20:41.336000Z
1934,1930,2019-03-29T17:20:41.336500Z
1935,1957,2019-03-29T17:20:41.337000Z
1936,1940,2019-03-29T17:20:41.337500Z
1937,1909,2019-03-29T17:20:41.338000Z
1938,1905,2019-03-29T17:20:41.338500Z
1939,1898,2019-03-29T17:20:41.339000Z
1940,1896,2019-03-29T17:20:41.339500Z
1941,1941,2019-03-29T17:20:41.340000Z
1942,1968,2019-03-29T17:20:41.340500Z
1943,2016,2019-03-29T17:20:41.341000Z
1944,2013,2019-03-29T17:20:41.341500Z
1945,1978,2019-03-29T17:20:41.342000Z
1946,1920,2019-03-29T17:20:41.342500Z
1947,1883,2019-03-29T17:20:41.343000Z
1948,1874,2019-03-29T17:20:41.343500Z
1949,1853,2019-03-29T17:20:41.344000Z
1950,1852,2019-03-29T17:20:41.344500Z
1951,1866,2019-03-29T17:20:41.345000Z
1952,1890,2019-03-29T17:20:41.345500Z
1953,1886,2019-03-29T17:20:41.346000Z
1954,1897,2019-03-29T17:20:41.346500Z
1955,1903,2019-03-29T17:20:41.347000Z
1956,1924,2019-03-29T17:20:41.347500Z
1957,1931,2019-03-29T17:20:41.348000Z
1958,1958,2019-03-29T17:20:41.348500Z
1959,1962,2019-03-29T17:20:41.349000Z
1960,1946,2019-03-29T17:20:41.349500Z
1961,1923,2019-03-29T17:20:41.350000Z
1962,1941,2019-03-29T17:20:41.350500Z
1963,1954,2019-03-29T17:20:41.351000Z
1964,1978,2019-03-29T17:20:41.351500Z
1965,1993,2019-03-29T17:20:41.352000Z
1966,1986,2019-03-29T17:20:41.352500Z
1967,1971,2019-03-29T17:20:41.353000Z
1968,1937,2019-03-29T17:20:41.353500Z
1969,1903,2019-03-29T17:20:41.354000Z
1970,1897,2019-03-29T17:20:41.354500Z
1971,1876,2019-03-29T17:20:41.355000Z
1972,1884,2019-03-29T17:20:41.355500Z
1973,1888,2019-03-29T17:20:41.356000Z
1974,1920,2019-03-29T17:20:41.356500Z
1975,1914,2019-03-29T17:20:41.357000Z
1976,1909,2019-03-29T17:20:41.357500Z
1977,1915,2019-03-29T17:20:41.358000Z
1978,1922,2019-03-29T17:20:41.358500Z
1979,1924,2019-03-29T17:20:41.359000Z
1980,1940,2019-03-29T17:20:41.359500Z
1981,1965,2019-03-29T17:20:41.360000Z
1982,1967,2019-03-29T17:20:41.360500Z
1983,1974,2019-03-29T17:20:41.361000Z
1984,1970,2019-03-29T17:20:41.361500Z
1985,1944,2019-03-29T17:20:41.362000Z
1986,1926,2019-03-29T17:20:41.362500Z
1987,1911,2019-03-29T17:20:41.363000Z
1988,1880,2019-03-29T17:20:41.363500Z
1989,1895,2019-03-29T17:20:41.364000Z
1990,1900,2019-03-29T17:20:41.364500Z
1991,1924,2019-03-29T17:20:41.365000Z
1992,1909,2019-03-29T17:20:41.365500Z
1993,1911,2019-03-29T17:20:41.366000Z
1994,1916,2019-03-29T17:20:41.366500Z
1995,1909,2019-03-29T17:20:41.367000Z
1996,1923,2019-03-29T17:20:41.367500Z
1997,1943,2019-03-29T17:20:41.368000Z
1998,1956,2019-03-29T17:20:41.368500Z
1999,1948,2019-03-29T17:20:41.369000Z
2000,1952,2019-03-29T17:20:41.369500Z
2001,1978,2019-03-29T17:20:41.370000Z
2002,1964,2019-03-29T17:20:41.370500Z
2003,1956,2019-03-29T17:20:41.371000Z
2004,1937,2019-03-29T17:20:41.371500Z
2005,1912,2019-03-29T17:20:41.372000Z
2006,1935,2019-03-29T17:20:41.372500Z
2007,1933,2019-03-29T17:20:41.373000Z
2008,1940,2019-03-29T17:20:41.373500Z
2009,1935,2019-03-29T17:20:41.374000Z
2010,1905,2019-03-29T17:20:41.374500Z
2011,1889,2019-03-29T17:20:41.375000Z
2012,1871,2019-03-29T17:20:41.375500Z
2013,1876,2019-03-29T17:20:41.376000Z
2014,1886,2019-03-29T17:20:41.376500Z
2015,1889,2019-03-29T17:20:41.377000Z
2016,1925,2019-03-29T17:20:41.377500Z
2017,1945,2019-03-29T17:20:41.378000Z
2018,1964,2019-03-29T17:20:41.378500Z
2019,1986,2019-03-29T17:20:41.379000Z
2020,1982,2019-03-29T17:20:41.379500Z
2021,1984,2019-03-29T17:20:41.380000Z
2022,1984,2019-03-29T17:20:41.380500Z
2023,1981,2019-03-29T17:20:41.381000Z
2024,1965,2019-03-29T17:20:41.381500Z
2025,1943,2019-03-29T17:20:41.382000Z
2026,1942,2019-03-29T17:20:41.382500Z
2027,1955,2019-03-29T17:20:41.383000Z
2028,1915,2019-03-29T17:20:41.383500Z
2029,1893,2019-03-29T17:20:41.384000Z
2030,1898,2019-03-29T17:20:41.384500Z
2031,1907,2019-03-29T17:20:41.385000Z
2032,1901,2019-03-29T17:20:41.385500Z
2033,1902,2019-03-29T17:20:41.386000Z
2034,1895,2019-03-29T17:20:41.386500Z
2035,1889,2019-03-29T17:20:41.387000Z
2036,1876,2019-03-29T17:20:41.387500Z
2037,1891,2019-03-29T17:20:41.388000Z
2038,1934,2019-03-29T17:20:41.388500Z
2039,1944,2019-03-29T17:20:41.389000Z
2040,1959,2019-03-29T17:20:41.389500Z
2041,1970,2019-03-29T17:20:41.390000Z
2042,1967,2019-03-29T17:20:41.390500Z
2043,1942,2019-03-29T17:20:41.391000Z
2044,1940,2019-03-29T17:20:41.391500Z
2045,1914,2019-03-29T17:20:41.392000Z
2046,1918,2019-03-29T17:20:41.392500Z
2047,1927,2019-03-29T17:20:41.393000Z
2048,1908,2019-03-29T17:20:41.393500Z
2049,1886,2019-03-29T17:20:41.394000Z
2050,1894,2019-03-29T17:20:41.394500Z
2051,1892,2019-03-29T17:20:41.395000Z
2052,1905,2019-03-29T17:20:41.395500Z
2053,1916,2019-03-29T17:20:41.396000Z
2054,1926,2019-03-29T17:20:41.396500Z
2055,1923,2019-03-29T17:20:41.397000Z
2056,1945,2019-03-29T17:20:41.397500Z
2057,1968,2019-03-29T17:20:41.398000Z
2058,1961,2019-03-29T17:20:41.398500Z
2059,1963,2019-03-29T17:20:41.399000Z
2060,1946,2019-03-29T17:20:41.399500Z
2061,1948,2019-03-29T17:20:41.400000Z
2062,1952,2019-03-29T17:20:41.400500Z
2063,1974,2019-03-29T17:20:41.401000Z
2064,1985,2019-03-29T17:20:41.401500Z
2065,1956,2019-03-29T17:20:41.402000Z
2066,1947,2019-03-29T17:20:41.402500Z
2067,1920,2019-03-29T17:20:41.403000Z
2068,1890,2019-03-29T17:20:41.403500Z
2069,1878,2019-03-29T17:20:41.404000Z
2070,1831,2019-03-29T17:20:41.404500Z
2071,1842,2019-03-29T17:20:41.405000Z
2072,1886,2019-03-29T17:20:41.405500Z
2073,1872,2019-03-29T17:20:41.406000Z
2074,1883,2019-03-29T17:20:41.406500Z
2075,1894,2019-03-29T17:20:41.407000Z
2076,1913,2019-03-29T17:20:41.407500Z
2077,1943,2019-03-29T17:20:41.408000Z
2078,1968,2019-03-29T17:20:41.408500Z
2079,1966,2019-03-29T17:20:41.409000Z
2080,1966,2019-03-29T17:20:41.409500Z
2081,1957,2019-03-29T17:20:41.410000Z
2082,1977,2019-03-29T17:20:41.410500Z
2083,1990,2019-03-29T17:20:41.411000Z
2084,1968,2019-03-29T17:20:41.411500Z
2085,1947,2019-03-29T17:20:41.412000Z
2086,1923,2019-03-29T17:20:41.412500Z
2087,1933,2019-03-29T17:20:41.413000Z
2088,1938,2019-03-29T17:20:41.413500Z
2089,1935,2019-03-29T17:20:41.414000Z
2090,1900,2019-03-29T17:20:41.414500Z
2091,1901,2019-03-29T17:20:41.415000Z
2092,1903,2019-03-29T17:20:41.415500Z
2093,1902,2019-03-29T17:20:41.416000Z
2094,1878,2019-03-29T17:20:41.416500Z
2095,1892,2019-03-29T17:20:41.417000Z
2096,1934,2019-03-29T17:20:41.417500Z
2097,1970,2019-03-29T17:20:41.418000Z
2098,1986,2019-03-29T17:20:41.418500Z
2099,1998,2019-03-29T17:20:41.419000Z
2100,1984,2019-03-29T17:20:41.419500Z
2101,1978,2019-03-29T17:20:41.420000Z
2102,1937,2019-03-29T17:20:41.420500Z
2103,1911,2019-03-29T17:20:41.421000Z
2104,1923,2019-03-29T17:20:41.421500Z
2105,1936,2019-03-29T17:20:41.422000Z
2106,1932,2019-03-29T17:20:41.422500Z
2107,1929,2019-03-29T17:20:41.423000Z
2108,1931,2019-03-29T17:20:41.423500Z
2109,1931,2019-03-29T17:20:41.424000Z
2110,1920,2019-03-29T17:20:41.424500Z
2111,1908,2019-03-29T17:20:41.425000Z
2112,1916,2019-03-29T17:20:41.425500Z
2113,1937,2019-03-29T17:20:41.426000Z
2114,1924,2019-03-29T17:20:41.426500Z
2115,1914,2019-03-29T17:20:41.427000Z
2116,1901,2019-03-29T17:20:41.427500Z
2117,1891,2019-03-29T17:20:41.428000Z
2118,1900,2019-03-29T17:20:41.428500Z
2119,1917,2019-03-29T17:20:41.429000Z
2120,1952,2019-03-29T17:20:41.429500Z
2121,1964,2019-03-29T17:20:41.430000Z
2122,1989,2019-03-29T17:20:41.430500Z
2123,2001,2019-03-29T17:20:41.431000Z
2124,1974,2019-03-29T17:20:41.431500Z
2125,1934,2019-03-29T17:20:41.432000Z
2126,1878,2019-03-29T17:20:41.432500Z
2127,1849,2019-03-29T17:20:41.433000Z
2128,1885,2019-03-29T17:20:41.433500Z
2129,1904,2019-03-29T17:20:41.434000Z
2130,1945,2019-03-29T17:20:41.434500Z
2131,1966,2019-03-29T17:20:41.435000Z
2132,1965,2019-03-29T17:20:41.435500Z
2133,1938,2019-03-29T17:20:41.436000Z
2134,1936,2019-03-29T17:20:41.436500Z
2135,1904,2019-03-29T17:20:41.437000Z
2136,1891,2019-03-29T17:20:41.437500Z
2137,1890,2019-03-29T17:20:41.438000Z
2138,1891,2019-03-29T17:20:41.438500Z
2139,1923,2019-03-29T17:20:41.439000Z
2140,1959,2019-03-29T17:20:41.439500Z
2141,1979,2019-03-29T17:20:41.440000Z
2142,1974,2019-03-29T17:20:41.440500Z
2143,1953,2019-03-29T17:20:41.441000Z
2144,1927,2019-03-29T17:20:41.441500Z
2145,1929,2019-03-29T17:20:41.442000Z
2146,1906,2019-03-29T17:20:41.442500Z
2147,1887,2019-03-29T17:20:41.443000Z
2148,1892,2019-03-29T17:20:41.443500Z
2149,1887,2019-03-29T17:20:41.444000Z
2150,1878,2019-03-29T17:20:41.444500Z
2151,1885,2019-03-29T17:20:41.445000Z
2152,1890,2019-03-29T17:20:41.445500Z
2153,1935,2019-03-29T17:20:41.446000Z
2154,1964,2019-03-29T17:20:41.446500Z
2155,1980,2019-03-29T17:20:41.447000Z
2156,1960,2019-03-29T17:20:41.447500Z
2157,1944,2019-03-29T17:20:41.448000Z
2158,1927,2019-03-29T17:20:41.448500Z
2159,1934,2019-03-29T17:20:41.449000Z
2160,1913,2019-03-29T17:20:41.449500Z
2161,1926,2019-03-29T17:20:41.450000Z
2162,1941,2019-03-29T17:20:41.450500Z
2163,1977,2019-03-29T17:20:41.451000Z
2164,2030,2019-03-29T17:20:41.451500Z
2165,2028,2019-03-29T17:20:41.452000Z
2166,2033,2019-03-29T17:20:41.452500Z
2167,1959,2019-03-29T17:20:41.453000Z
2168,1888,2019-03-29T17:20:41.453500Z
2169,1862,2019-03-29T17:20:41.454000Z
2170,1862,2019-03-29T17:20:41.454500Z
2171,1864,2019-03-29T17:20:41.455000Z
2172,1896,2019-03-29T17:20:41.455500Z
2173,1900,2019-03-29T17:20:41.456000Z
2174,1920,2019-03-29T17:20:41.456500Z
2175,1928,2019-03-29T17:20:41.457000Z
2176,1922,2019-03-29T17:20:41.457500Z
2177,1904,2019-03-29T17:20:41.458000Z
2178,1881,2019-03-29T17:20:41.458500Z
2179,1890,2019-03-29T17:20:41.459000Z
2180,1907,2019-03-29T17:20:41.459500Z
2181,1924,2019-03-29T17:20:41.460000Z
2182,1935,2019-03-29T17:20:41.460500Z
2183,1936,2019-03-29T17:20:41.461000Z
2184,1956,2019-03-29T17:20:41.461500Z
2185,1982,2019-03-29T17:20:41.462000Z
2186,1975,2019-03-29T17:20:41.462500Z
2187,1974,2019-03-29T17:20:41.463000Z
2188,1974,2019-03-29T17:20:41.463500Z
2189,1973,2019-03-29T17:20:41.464000Z
2190,1924,2019-03-29T17:20:41.464500Z
2191,1863,2019-03-29T17:20:41.465000Z
2192,1845,2019-03-29T17:20:41.465500Z
2193,1884,2019-03-29T17:20:41.466000Z
2194,1919,2019-03-29T17:20:41.466500Z
2195,1955,2019-03-29T17:20:41.467000Z
2196,1974,2019-03-29T17:20:41.467500Z
2197,1969,2019-03-29T17:20:41.468000Z
2198,1953,2019-03-29T17:20:41.468500Z
2199,1921,2019-03-29T17:20:41.469000Z
2200,1904,2019-03-29T17:20:41.469500Z
2201,1903,2019-03-29T17:20:41.470000Z
2202,1895,2019-03-29T17:20:41.470500Z
2203,1911,2019-03-29T17:20:41.471000Z
2204,1940,2019-03-29T17:20:41.471500Z
2205,1967,2019-03-29T17:20:41.472000Z
2206,1975,2019-03-29T17:20:41.472500Z
2207,1983,2019-03-29T17:20:41.473000Z
2208,1956,2019-03-29T17:20:41.473500Z
2209,1918,2019-03-29T17:20:41.474000Z
2210,1895,2019-03-29T17:20:41.474500Z
2211,1885,2019-03-29T17:20:41.475000Z
2212,1872,2019-03-29T17:20:41.475500Z
2213,1897,2019-03-29T17:20:41.476000Z
2214,1933,2019-03-29T17:20:41.476500Z
2215,1959,2019-03-29T17:20:41.477000Z
2216,1973,2019-03-29T17:20:41.477500Z
2217,1962,2019-03-29T17:20:41.478000Z
2218,1949,2019-03-29T17:20:41.478500Z
2219,1938,2019-03-29T17:20:41.479000Z
2220,1938,2019-03-29T17:20:41.479500Z
2221,1943,2019-03-29T17:20:41.480000Z
2222,1935,2019-03-29T17:20:41.480500Z
2223,1938,2019-03-29T17:20:41.481000Z
2224,1943,2019-03-29T17:20:41.481500Z
2225,1940,2019-03-29T17:20:41.482000Z
2226,1945,2019-03-29T17:20:41.482500Z
2227,1956,2019-03-29T17:20:41.483000Z
2228,1957,2019-03-29T17:20:41.483500Z
2229,1963,2019-03-29T17:20:41.484000Z
2230,1936,2019-03-29T17:20:41.484500Z
2231,1877,2019-03-29T17:20:41.485000Z
2232,1849,2019-03-29T17:20:41.485500Z
2233,1847,2019-03-29T17:20:41.486000Z
2234,1867,2019-03-29T17:20:41.486500Z
2235,1893,2019-03-29T17:20:41.487000Z
2236,1927,2019-03-29T17:20:41.487500Z
2237,1953,2019-03-29T17:20:41.488000Z
2238,1970,2019-03-29T17:20:41.488500Z
2239,1929,2019-03-29T17:20:41.489000Z
2240,1893,2019-03-29T17:20:41.489500Z
2241,1863,2019-03-29T17:20:41.490000Z
2242,1889,2019-03-29T17:20:41.490500Z
2243,1925,2019-03-29T17:20:41.491000Z
2244,1972,2019-03-29T17:20:41.491500Z
2245,2011,2019-03-29T17:20:41.492000Z
2246,2001,2019-03-29T17:20:41.492500Z
2247,1970,2019-03-29T17:20:41.493000Z
2248,1949,2019-03-29T17:20:41.493500Z
2249,1933,2019-03-29T17:20:41.494000Z
2250,1907,2019-03-29T17:20:41.494500Z
2251,1916,2019-03-29T17:20:41.495000Z
2252,1930,2019-03-29T17:20:41.495500Z
2253,1943,2019-03-29T17:20:41.496000Z
2254,1941,2019-03-29T17:20:41.496500Z
2255,1919,2019-03-29T17:20:41.497000Z
2256,1886,2019-03-29T17:20:41.497500Z
2257,1893,2019-03-29T17:20:41.498000Z
2258,1923,2019-03-29T17:20:41.498500Z
2259,1942,2019-03-29T17:20:41.499000Z
2260,1944,2019-03-29T17:20:41.499500Z
2261,1968,2019-03-29T17:20:41.500000Z
2262,1961,2019-03-29T17:20:41.500500Z
2263,1946,2019-03-29T17:20:41.501000Z
2264,1929,2019-03-29T17:20:41.501500Z
2265,1920,2019-03-29T17:20:41.502000Z
2266,1895,2019-03-29T17:20:41.502500Z
2267,1906,2019-03-29T17:20:41.503000Z
2268,1934,2019-03-29T17:20:41.503500Z
2269,1952,2019-03-29T17:20:41.504000Z
2270,1958,2019-03-29T17:20:41.504500Z
2271,1944,2019-03-29T17:20:41.505000Z
2272,1915,2019-03-29T17:20:41.505500Z
2273,1882,2019-03-29T17:20:41.506000Z
2274,1898,2019-03-29T17:20:41.506500Z
2275,1837,2019-03-29T17:20:41.507000Z
2276,1879,2019-03-29T17:20:41.507500Z
2277,1927,2019-03-29T17:20:41.508000Z
2278,1949,2019-03-29T17:20:41.508500Z
2279,1969,2019-03-29T17:20:41.509000Z
2280,1972,2019-03-29T17:20:41.509500Z
2281,1958,2019-03-29T17:20:41.510000Z
2282,1948,2019-03-29T17:20:41.510500Z
2283,1946,2019-03-29T17:20:41.511000Z
2284,1939,2019-03-29T17:20:41.511500Z
2285,1945,2019-03-29T17:20:41.512000Z
2286,1940,2019-03-29T17:20:41.512500Z
2287,1935,2019-03-29T17:20:41.513000Z
2288,1947,2019-03-29T17:20:41.513500Z
2289,1934,2019-03-29T17:20:41.514000Z
2290,1899,2019-03-29T17:20:41.514500Z
2291,1908,2019-03-29T17:20:41.515000Z
2292,1915,2019-03-29T17:20:41.515500Z
2293,1911,2019-03-29T17:20:41.516000Z
2294,1906,2019-03-29T17:20:41.516500Z
2295,1909,2019-03-29T17:20:41.517000Z
2296,1911,2019-03-29T17:20:41.517500Z
2297,1898,2019-03-29T17:20:41.518000Z
2298,1884,2019-03-29T17:20:41.518500Z
2299,1916,2019-03-29T17:20:41.519000Z
2300,1958,2019-03-29T17:20:41.519500Z
2301,1979,2019-03-29T17:20:41.520000Z
2302,2009,2019-03-29T17:20:41.520500Z
2303,2016,2019-03-29T17:20:41.521000Z
2304,1994,2019-03-29T17:20:41.521500Z
2305,1962,2019-03-29T17:20:41.522000Z
2306,1907,2019-03-29T17:20:41.522500Z
2307,1876,2019-03-29T17:20:41.523000Z
2308,1860,2019-03-29T17:20:41.523500Z
2309,1869,2019-03-29T17:20:41.524000Z
2310,1878,2019-03-29T17:20:41.524500Z
2311,1903,2019-03-29T17:20:41.525000Z
2312,1895,2019-03-29T17:20:41.525500Z
2313,1907,2019-03-29T17:20:41.526000Z
2314,1906,2019-03-29T17:20:41.526500Z
2315,1910,2019-03-29T17:20:41.527000Z
2316,1899,2019-03-29T17:20:41.527500Z
2317,1900,2019-03-29T17:20:41.528000Z
2318,1917,2019-03-29T17:20:41.528500Z
